numero_coleta;cliente_id;cliente;razao_social;mtr;ticket;residuo_coleta;peso_liquido_kg;status_conferencia;esteira;motivo;contrato_residuo_match;valor_unitario_contrato;faturamento_minimo_kg;unidade_medida;residuos_no_contrato;caminhoes_com_valor;pendencias_view;acao_sugerida;residuo_contrato_correto;valor_corrigido;unidade_medida_nova;faturamento_minimo_kg_novo;confirmado
90027;1b45bf13-7ba1-4fe0-9ba8-d3eb3a04cac8;ACTEGA DO BRASIL TINTAS E VERNIZES LTDA (Unid Araçariguama Ara 1);ACTEGA DO BRASIL TINTAS E VERNIZES LTDA (Unid Araçariguama Ara 1);MTR-20260526-115314;115314-1;MIX DE CONTAMINADO;600;PRONTO_PARA_FATURAR;;SEM_MATCH_RESIDUO;;;;;RESÍDUOS SÓLIDOS CONTAMINADOS (R$ 0.62/un) | BORRA DE TINTA DO PROCESSO PRODUTIVO (R$ 0.62/un) | EFLUENTE CONTAMINADO (R$ 0.6/un) | FOSSA SÉPTICA (R$ 0.18/un) | Classe II (R$ 0/un);CAIXA BAIXA | CAMINHÃO BAU | POLIGUINDASTE;"aguardando aprovação do Faturamento, sem valor";Conferir nome do resíduo na coleta vs cadastro do cliente;MIX DE CONTAMINADO;;kg;;
90028;1b45bf13-7ba1-4fe0-9ba8-d3eb3a04cac8;ACTEGA DO BRASIL TINTAS E VERNIZES LTDA (Unid Araçariguama Ara 1);ACTEGA DO BRASIL TINTAS E VERNIZES LTDA (Unid Araçariguama Ara 1);MTR-20260526-115314;115314-2;CLASSE II;240;PRONTO_PARA_FATURAR;;VALOR_ZERO_NO_CONTRATO;Classe II;0;;kg;RESÍDUOS SÓLIDOS CONTAMINADOS (R$ 0.62/un) | BORRA DE TINTA DO PROCESSO PRODUTIVO (R$ 0.62/un) | EFLUENTE CONTAMINADO (R$ 0.6/un) | FOSSA SÉPTICA (R$ 0.18/un) | Classe II (R$ 0/un);CAIXA BAIXA | CAMINHÃO BAU | POLIGUINDASTE;"aguardando aprovação do Faturamento, sem valor";Preencher valor (R$/kg ou unidade) no cadastro do cliente e salvar;Classe II;;kg;;
90043;1b45bf13-7ba1-4fe0-9ba8-d3eb3a04cac8;ACTEGA DO BRASIL TINTAS E VERNIZES LTDA (Unid Araçariguama Ara 1);ACTEGA DO BRASIL TINTAS E VERNIZES LTDA (Unid Araçariguama Ara 1);MTR-20260526-162103;162103-1;MIX CONTAMINADO;1740;PRONTO_PARA_FATURAR;;SEM_MATCH_RESIDUO;;;;;RESÍDUOS SÓLIDOS CONTAMINADOS (R$ 0.62/un) | BORRA DE TINTA DO PROCESSO PRODUTIVO (R$ 0.62/un) | EFLUENTE CONTAMINADO (R$ 0.6/un) | FOSSA SÉPTICA (R$ 0.18/un) | Classe II (R$ 0/un);CAIXA BAIXA | CAMINHÃO BAU | POLIGUINDASTE;"aguardando aprovação do Faturamento, sem valor";Conferir nome do resíduo na coleta vs cadastro do cliente;MIX CONTAMINADO;;kg;;
90044;1b45bf13-7ba1-4fe0-9ba8-d3eb3a04cac8;ACTEGA DO BRASIL TINTAS E VERNIZES LTDA (Unid Araçariguama Ara 1);ACTEGA DO BRASIL TINTAS E VERNIZES LTDA (Unid Araçariguama Ara 1);MTR-20260526-162103;162103-2;CLASSE II;110;PRONTO_PARA_FATURAR;;VALOR_ZERO_NO_CONTRATO;Classe II;0;;kg;RESÍDUOS SÓLIDOS CONTAMINADOS (R$ 0.62/un) | BORRA DE TINTA DO PROCESSO PRODUTIVO (R$ 0.62/un) | EFLUENTE CONTAMINADO (R$ 0.6/un) | FOSSA SÉPTICA (R$ 0.18/un) | Classe II (R$ 0/un);CAIXA BAIXA | CAMINHÃO BAU | POLIGUINDASTE;"aguardando aprovação do Faturamento, sem valor";Preencher valor (R$/kg ou unidade) no cadastro do cliente e salvar;Classe II;;kg;;
90104;1b45bf13-7ba1-4fe0-9ba8-d3eb3a04cac8;ACTEGA DO BRASIL TINTAS E VERNIZES LTDA (Unid Araçariguama Ara 1);ACTEGA DO BRASIL TINTAS E VERNIZES LTDA (Unid Araçariguama Ara 1);MTR-20260528-181118;181118-1;Resíduos sólidos contaminado — Classe I;520;PRONTO_PARA_FATURAR;;SEM_MATCH_RESIDUO;;;;;RESÍDUOS SÓLIDOS CONTAMINADOS (R$ 0.62/un) | BORRA DE TINTA DO PROCESSO PRODUTIVO (R$ 0.62/un) | EFLUENTE CONTAMINADO (R$ 0.6/un) | FOSSA SÉPTICA (R$ 0.18/un) | Classe II (R$ 0/un);CAIXA BAIXA | CAMINHÃO BAU | POLIGUINDASTE;"aguardando aprovação do Faturamento, sem valor";Conferir nome do resíduo na coleta vs cadastro do cliente;Resíduos sólidos contaminado — Classe I;;kg;;
90106;1b45bf13-7ba1-4fe0-9ba8-d3eb3a04cac8;ACTEGA DO BRASIL TINTAS E VERNIZES LTDA (Unid Araçariguama Ara 1);ACTEGA DO BRASIL TINTAS E VERNIZES LTDA (Unid Araçariguama Ara 1);MTR-20260528-181118;181118-3;Classe II — Classe II;100;PRONTO_PARA_FATURAR;;VALOR_ZERO_NO_CONTRATO;Classe II;0;;kg;RESÍDUOS SÓLIDOS CONTAMINADOS (R$ 0.62/un) | BORRA DE TINTA DO PROCESSO PRODUTIVO (R$ 0.62/un) | EFLUENTE CONTAMINADO (R$ 0.6/un) | FOSSA SÉPTICA (R$ 0.18/un) | Classe II (R$ 0/un);CAIXA BAIXA | CAMINHÃO BAU | POLIGUINDASTE;"aguardando aprovação do Faturamento, sem valor";Preencher valor (R$/kg ou unidade) no cadastro do cliente e salvar;Classe II;;kg;;
90130;1b45bf13-7ba1-4fe0-9ba8-d3eb3a04cac8;ACTEGA DO BRASIL TINTAS E VERNIZES LTDA (Unid Araçariguama Ara 1);ACTEGA DO BRASIL TINTAS E VERNIZES LTDA (Unid Araçariguama Ara 1);MTR-20260529-161532;161532-1;MIX CONTAMINADO;300;PRONTO_PARA_FATURAR;;SEM_MATCH_RESIDUO;;;;;RESÍDUOS SÓLIDOS CONTAMINADOS (R$ 0.62/un) | BORRA DE TINTA DO PROCESSO PRODUTIVO (R$ 0.62/un) | EFLUENTE CONTAMINADO (R$ 0.6/un) | FOSSA SÉPTICA (R$ 0.18/un) | Classe II (R$ 0/un);CAIXA BAIXA | CAMINHÃO BAU | POLIGUINDASTE;"aguardando aprovação do Faturamento, sem valor";Conferir nome do resíduo na coleta vs cadastro do cliente;MIX CONTAMINADO;;kg;;
90131;1b45bf13-7ba1-4fe0-9ba8-d3eb3a04cac8;ACTEGA DO BRASIL TINTAS E VERNIZES LTDA (Unid Araçariguama Ara 1);ACTEGA DO BRASIL TINTAS E VERNIZES LTDA (Unid Araçariguama Ara 1);MTR-20260529-161532;161532-2;CLASSE II;140;PRONTO_PARA_FATURAR;;VALOR_ZERO_NO_CONTRATO;Classe II;0;;kg;RESÍDUOS SÓLIDOS CONTAMINADOS (R$ 0.62/un) | BORRA DE TINTA DO PROCESSO PRODUTIVO (R$ 0.62/un) | EFLUENTE CONTAMINADO (R$ 0.6/un) | FOSSA SÉPTICA (R$ 0.18/un) | Classe II (R$ 0/un);CAIXA BAIXA | CAMINHÃO BAU | POLIGUINDASTE;"aguardando aprovação do Faturamento, sem valor";Preencher valor (R$/kg ou unidade) no cadastro do cliente e salvar;Classe II;;kg;;
90192;1b45bf13-7ba1-4fe0-9ba8-d3eb3a04cac8;ACTEGA DO BRASIL TINTAS E VERNIZES LTDA (Unid Araçariguama Ara 1);ACTEGA DO BRASIL TINTAS E VERNIZES LTDA (Unid Araçariguama Ara 1);MTR-20260602-154838;154838-1;MIX CONTAMINADO;170;PRONTO_PARA_FATURAR;;SEM_MATCH_RESIDUO;;;;;RESÍDUOS SÓLIDOS CONTAMINADOS (R$ 0.62/un) | BORRA DE TINTA DO PROCESSO PRODUTIVO (R$ 0.62/un) | EFLUENTE CONTAMINADO (R$ 0.6/un) | FOSSA SÉPTICA (R$ 0.18/un) | Classe II (R$ 0/un);CAIXA BAIXA | CAMINHÃO BAU | POLIGUINDASTE;"aguardando aprovação do Faturamento, sem valor";Conferir nome do resíduo na coleta vs cadastro do cliente;MIX CONTAMINADO;;kg;;
90193;1b45bf13-7ba1-4fe0-9ba8-d3eb3a04cac8;ACTEGA DO BRASIL TINTAS E VERNIZES LTDA (Unid Araçariguama Ara 1);ACTEGA DO BRASIL TINTAS E VERNIZES LTDA (Unid Araçariguama Ara 1);MTR-20260602-154838;154838-2;CLASSE II;50;PRONTO_PARA_FATURAR;;VALOR_ZERO_NO_CONTRATO;Classe II;0;;kg;RESÍDUOS SÓLIDOS CONTAMINADOS (R$ 0.62/un) | BORRA DE TINTA DO PROCESSO PRODUTIVO (R$ 0.62/un) | EFLUENTE CONTAMINADO (R$ 0.6/un) | FOSSA SÉPTICA (R$ 0.18/un) | Classe II (R$ 0/un);CAIXA BAIXA | CAMINHÃO BAU | POLIGUINDASTE;"aguardando aprovação do Faturamento, sem valor";Preencher valor (R$/kg ou unidade) no cadastro do cliente e salvar;Classe II;;kg;;
90234;1b45bf13-7ba1-4fe0-9ba8-d3eb3a04cac8;ACTEGA DO BRASIL TINTAS E VERNIZES LTDA (Unid Araçariguama Ara 1);ACTEGA DO BRASIL TINTAS E VERNIZES LTDA (Unid Araçariguama Ara 1);MTR-20260604-091202;091202-1;Resíduos sólidos contaminado — Classe I;270;PRONTO_PARA_FATURAR;;SEM_MATCH_RESIDUO;;;;;RESÍDUOS SÓLIDOS CONTAMINADOS (R$ 0.62/un) | BORRA DE TINTA DO PROCESSO PRODUTIVO (R$ 0.62/un) | EFLUENTE CONTAMINADO (R$ 0.6/un) | FOSSA SÉPTICA (R$ 0.18/un) | Classe II (R$ 0/un);CAIXA BAIXA | CAMINHÃO BAU | POLIGUINDASTE;"aguardando aprovação do Faturamento, sem valor";Conferir nome do resíduo na coleta vs cadastro do cliente;Resíduos sólidos contaminado — Classe I;;kg;;
90235;1b45bf13-7ba1-4fe0-9ba8-d3eb3a04cac8;ACTEGA DO BRASIL TINTAS E VERNIZES LTDA (Unid Araçariguama Ara 1);ACTEGA DO BRASIL TINTAS E VERNIZES LTDA (Unid Araçariguama Ara 1);MTR-20260604-091202;091202-2;CLASSE II;70;PRONTO_PARA_FATURAR;;VALOR_ZERO_NO_CONTRATO;Classe II;0;;kg;RESÍDUOS SÓLIDOS CONTAMINADOS (R$ 0.62/un) | BORRA DE TINTA DO PROCESSO PRODUTIVO (R$ 0.62/un) | EFLUENTE CONTAMINADO (R$ 0.6/un) | FOSSA SÉPTICA (R$ 0.18/un) | Classe II (R$ 0/un);CAIXA BAIXA | CAMINHÃO BAU | POLIGUINDASTE;"aguardando aprovação do Faturamento, sem valor";Preencher valor (R$/kg ou unidade) no cadastro do cliente e salvar;Classe II;;kg;;
90254;1b45bf13-7ba1-4fe0-9ba8-d3eb3a04cac8;ACTEGA DO BRASIL TINTAS E VERNIZES LTDA (Unid Araçariguama Ara 1);ACTEGA DO BRASIL TINTAS E VERNIZES LTDA (Unid Araçariguama Ara 1);MTR-20260605-142638;142638-1;Resíduos sólidos contaminado — Classe I;100;PRONTO_PARA_FATURAR;;SEM_MATCH_RESIDUO;;;;;RESÍDUOS SÓLIDOS CONTAMINADOS (R$ 0.62/un) | BORRA DE TINTA DO PROCESSO PRODUTIVO (R$ 0.62/un) | EFLUENTE CONTAMINADO (R$ 0.6/un) | FOSSA SÉPTICA (R$ 0.18/un) | Classe II (R$ 0/un);CAIXA BAIXA | CAMINHÃO BAU | POLIGUINDASTE;"aguardando aprovação do Faturamento, sem valor";Conferir nome do resíduo na coleta vs cadastro do cliente;Resíduos sólidos contaminado — Classe I;;kg;;
90255;1b45bf13-7ba1-4fe0-9ba8-d3eb3a04cac8;ACTEGA DO BRASIL TINTAS E VERNIZES LTDA (Unid Araçariguama Ara 1);ACTEGA DO BRASIL TINTAS E VERNIZES LTDA (Unid Araçariguama Ara 1);MTR-20260605-142638;142638-2;Classe II — Classe II;350;PRONTO_PARA_FATURAR;;VALOR_ZERO_NO_CONTRATO;Classe II;0;;kg;RESÍDUOS SÓLIDOS CONTAMINADOS (R$ 0.62/un) | BORRA DE TINTA DO PROCESSO PRODUTIVO (R$ 0.62/un) | EFLUENTE CONTAMINADO (R$ 0.6/un) | FOSSA SÉPTICA (R$ 0.18/un) | Classe II (R$ 0/un);CAIXA BAIXA | CAMINHÃO BAU | POLIGUINDASTE;"aguardando aprovação do Faturamento, sem valor";Preencher valor (R$/kg ou unidade) no cadastro do cliente e salvar;Classe II;;kg;;
90288;1b45bf13-7ba1-4fe0-9ba8-d3eb3a04cac8;ACTEGA DO BRASIL TINTAS E VERNIZES LTDA (Unid Araçariguama Ara 1);ACTEGA DO BRASIL TINTAS E VERNIZES LTDA (Unid Araçariguama Ara 1);MTR-20260605-142638;;MIX DE CONTAMINADOS — Classe I;350;PENDENTE;;SEM_MATCH_RESIDUO;;;;;RESÍDUOS SÓLIDOS CONTAMINADOS (R$ 0.62/un) | BORRA DE TINTA DO PROCESSO PRODUTIVO (R$ 0.62/un) | EFLUENTE CONTAMINADO (R$ 0.6/un) | FOSSA SÉPTICA (R$ 0.18/un) | Classe II (R$ 0/un);CAIXA BAIXA | CAMINHÃO BAU | POLIGUINDASTE;"sem ticket, sem valor";Conferir nome do resíduo na coleta vs cadastro do cliente;MIX DE CONTAMINADOS — Classe I;;kg;;
90289;1b45bf13-7ba1-4fe0-9ba8-d3eb3a04cac8;ACTEGA DO BRASIL TINTAS E VERNIZES LTDA (Unid Araçariguama Ara 1);ACTEGA DO BRASIL TINTAS E VERNIZES LTDA (Unid Araçariguama Ara 1);MTR-20260605-142638;;MIX DE CONTAMINADOS — Classe I;350;PENDENTE;;SEM_MATCH_RESIDUO;;;;;RESÍDUOS SÓLIDOS CONTAMINADOS (R$ 0.62/un) | BORRA DE TINTA DO PROCESSO PRODUTIVO (R$ 0.62/un) | EFLUENTE CONTAMINADO (R$ 0.6/un) | FOSSA SÉPTICA (R$ 0.18/un) | Classe II (R$ 0/un);CAIXA BAIXA | CAMINHÃO BAU | POLIGUINDASTE;"sem ticket, sem valor";Conferir nome do resíduo na coleta vs cadastro do cliente;MIX DE CONTAMINADOS — Classe I;;kg;;
90290;1b45bf13-7ba1-4fe0-9ba8-d3eb3a04cac8;ACTEGA DO BRASIL TINTAS E VERNIZES LTDA (Unid Araçariguama Ara 1);ACTEGA DO BRASIL TINTAS E VERNIZES LTDA (Unid Araçariguama Ara 1);MTR-20260605-142638;;MIX DE CONTAMINADOS — Classe I;350;PENDENTE;;SEM_MATCH_RESIDUO;;;;;RESÍDUOS SÓLIDOS CONTAMINADOS (R$ 0.62/un) | BORRA DE TINTA DO PROCESSO PRODUTIVO (R$ 0.62/un) | EFLUENTE CONTAMINADO (R$ 0.6/un) | FOSSA SÉPTICA (R$ 0.18/un) | Classe II (R$ 0/un);CAIXA BAIXA | CAMINHÃO BAU | POLIGUINDASTE;"sem ticket, sem valor";Conferir nome do resíduo na coleta vs cadastro do cliente;MIX DE CONTAMINADOS — Classe I;;kg;;
90301;1b45bf13-7ba1-4fe0-9ba8-d3eb3a04cac8;ACTEGA DO BRASIL TINTAS E VERNIZES LTDA (Unid Araçariguama Ara 1);ACTEGA DO BRASIL TINTAS E VERNIZES LTDA (Unid Araçariguama Ara 1);MTR-20260609-152935;152935-1;Resíduos sólidos contaminado — Classe I;490;PRONTO_PARA_FATURAR;;SEM_MATCH_RESIDUO;;;;;RESÍDUOS SÓLIDOS CONTAMINADOS (R$ 0.62/un) | BORRA DE TINTA DO PROCESSO PRODUTIVO (R$ 0.62/un) | EFLUENTE CONTAMINADO (R$ 0.6/un) | FOSSA SÉPTICA (R$ 0.18/un) | Classe II (R$ 0/un);CAIXA BAIXA | CAMINHÃO BAU | POLIGUINDASTE;"aguardando aprovação do Faturamento, sem valor";Conferir nome do resíduo na coleta vs cadastro do cliente;Resíduos sólidos contaminado — Classe I;;kg;;
90302;1b45bf13-7ba1-4fe0-9ba8-d3eb3a04cac8;ACTEGA DO BRASIL TINTAS E VERNIZES LTDA (Unid Araçariguama Ara 1);ACTEGA DO BRASIL TINTAS E VERNIZES LTDA (Unid Araçariguama Ara 1);MTR-20260609-152935;152935-2;Classe II — Classe II;130;PRONTO_PARA_FATURAR;;VALOR_ZERO_NO_CONTRATO;Classe II;0;;kg;RESÍDUOS SÓLIDOS CONTAMINADOS (R$ 0.62/un) | BORRA DE TINTA DO PROCESSO PRODUTIVO (R$ 0.62/un) | EFLUENTE CONTAMINADO (R$ 0.6/un) | FOSSA SÉPTICA (R$ 0.18/un) | Classe II (R$ 0/un);CAIXA BAIXA | CAMINHÃO BAU | POLIGUINDASTE;"aguardando aprovação do Faturamento, sem valor";Preencher valor (R$/kg ou unidade) no cadastro do cliente e salvar;Classe II;;kg;;
90035;33ce3d3e-2ff6-46d3-9adb-9858b3fec1b2;ALTA PERFORMANCE MATERIALS SA - 1747;ALTA PERFORMANCE MATERIALS SA - 1747;MTR-20260526-164757;164757;FOSSA — Classe II;13010;PRONTO_PARA_FATURAR;AJUSTE_VALORES_MEDICAO;VALOR_ZERO_NO_CONTRATO;FOSSA;0;1000;kg;FOSSA (R$ 0/un) | RESIDUO DE CAIXA DE GORDURA (R$ 0/un);VACUO | DESOBSTRUÇÃO - MT LINEAR;"aguardando medição / aprovação do cliente, sem valor";Preencher valor (R$/kg ou unidade) no cadastro do cliente e salvar;FOSSA;;kg;1000;
90183;33ce3d3e-2ff6-46d3-9adb-9858b3fec1b2;ALTA PERFORMANCE MATERIALS SA - 1747;ALTA PERFORMANCE MATERIALS SA - 1747;MTR-20260602-154656;154656;FOSSA — Classe II;12750;PRONTO_PARA_FATURAR;AJUSTE_VALORES_MEDICAO;VALOR_ZERO_NO_CONTRATO;FOSSA;0;1000;kg;FOSSA (R$ 0/un) | RESIDUO DE CAIXA DE GORDURA (R$ 0/un);VACUO | DESOBSTRUÇÃO - MT LINEAR;"aguardando medição / aprovação do cliente, sem valor";Preencher valor (R$/kg ou unidade) no cadastro do cliente e salvar;FOSSA;;kg;1000;
90299;33ce3d3e-2ff6-46d3-9adb-9858b3fec1b2;ALTA PERFORMANCE MATERIALS SA - 1747;ALTA PERFORMANCE MATERIALS SA - 1747;MTR-20260609-152847;152847;FOSSA — Classe II;13150;PRONTO_PARA_FATURAR;;VALOR_ZERO_NO_CONTRATO;FOSSA;0;1000;kg;FOSSA (R$ 0/un) | RESIDUO DE CAIXA DE GORDURA (R$ 0/un);VACUO | DESOBSTRUÇÃO - MT LINEAR;"aguardando aprovação do Faturamento, sem valor";Preencher valor (R$/kg ou unidade) no cadastro do cliente e salvar;FOSSA;;kg;1000;
90111;347a0661-4a97-4ccc-b414-d9f5bb8a6744;APC INDUSTRIAL E COMÉRCIO DE EMBALAGENS LTDA;APC INDUSTRIAL E COMÉRCIO DE EMBALAGENS LTDA;MTR-20260530-072706;072706;MIX CONTAMINADO — Classe I;7670;PRONTO_PARA_FATURAR;;VALOR_ZERO_NO_CONTRATO;MIX CONTAMINADO;0;;kg;MIX CONTAMINADO (R$ 0/un);;"aguardando aprovação do Faturamento, sem valor";Preencher valor (R$/kg ou unidade) no cadastro do cliente e salvar;MIX CONTAMINADO;;kg;;
90152;347a0661-4a97-4ccc-b414-d9f5bb8a6744;APC INDUSTRIAL E COMÉRCIO DE EMBALAGENS LTDA;APC INDUSTRIAL E COMÉRCIO DE EMBALAGENS LTDA;MTR-20260601-140620;140620;MIX CONTAMINADO — Classe I;6800;PRONTO_PARA_FATURAR;AJUSTE_VALORES_MEDICAO;VALOR_ZERO_NO_CONTRATO;MIX CONTAMINADO;0;;kg;MIX CONTAMINADO (R$ 0/un);;"aguardando medição / aprovação do cliente, sem valor";Preencher valor (R$/kg ou unidade) no cadastro do cliente e salvar;MIX CONTAMINADO;;kg;;
90211;347a0661-4a97-4ccc-b414-d9f5bb8a6744;APC INDUSTRIAL E COMÉRCIO DE EMBALAGENS LTDA;APC INDUSTRIAL E COMÉRCIO DE EMBALAGENS LTDA;MTR-20260603-155608;155608;MIX CONTAMINADO — Classe I;9280;PRONTO_PARA_FATURAR;AJUSTE_VALORES_MEDICAO;VALOR_ZERO_NO_CONTRATO;MIX CONTAMINADO;0;;kg;MIX CONTAMINADO (R$ 0/un);;"aguardando medição / aprovação do cliente, sem valor";Preencher valor (R$/kg ou unidade) no cadastro do cliente e salvar;MIX CONTAMINADO;;kg;;
90283;347a0661-4a97-4ccc-b414-d9f5bb8a6744;APC INDUSTRIAL E COMÉRCIO DE EMBALAGENS LTDA;APC INDUSTRIAL E COMÉRCIO DE EMBALAGENS LTDA;MTR-20260608-132905;132905;MIX CONTAMINADO — Classe I;10600;PRONTO_PARA_FATURAR;AJUSTE_VALORES_MEDICAO;VALOR_ZERO_NO_CONTRATO;MIX CONTAMINADO;0;;kg;MIX CONTAMINADO (R$ 0/un);;"aguardando medição / aprovação do cliente, sem valor";Preencher valor (R$/kg ou unidade) no cadastro do cliente e salvar;MIX CONTAMINADO;;kg;;
90055;e4ae52fa-0f02-4285-869e-e74b4769473e;ARKEMA COATEX BRASIL INDÚSTRIA E COMÉRCIO LTDA;ARKEMA COATEX BRASIL INDÚSTRIA E COMÉRCIO LTDA;MTR-20260528-152324;152324;FOSSA — Classe II;12050;PRONTO_PARA_FATURAR;AJUSTE_VALORES_MEDICAO;VALOR_ZERO_NO_CONTRATO;FOSSA;0;0;kg;FOSSA (R$ 0/un) | ENTULHO (R$ 0/un) | FOLHAS E GRAMA (R$ 0/un) | RECICLADO (R$ 0/un);VACUO - FOSSA | POLIGUINDASTE | ROLLON - FOLHAS E GRAMAS;"aguardando medição / aprovação do cliente, sem valor";Preencher valor (R$/kg ou unidade) no cadastro do cliente e salvar;FOSSA;;kg;0;
90184;e4ae52fa-0f02-4285-869e-e74b4769473e;ARKEMA COATEX BRASIL INDÚSTRIA E COMÉRCIO LTDA;ARKEMA COATEX BRASIL INDÚSTRIA E COMÉRCIO LTDA;MTR-20260602-154459;154459;FOSSA — Classe II;12710;PRONTO_PARA_FATURAR;AJUSTE_VALORES_MEDICAO;VALOR_ZERO_NO_CONTRATO;FOSSA;0;0;kg;FOSSA (R$ 0/un) | ENTULHO (R$ 0/un) | FOLHAS E GRAMA (R$ 0/un) | RECICLADO (R$ 0/un);VACUO - FOSSA | POLIGUINDASTE | ROLLON - FOLHAS E GRAMAS;"aguardando medição / aprovação do cliente, sem valor";Preencher valor (R$/kg ou unidade) no cadastro do cliente e salvar;FOSSA;;kg;0;
90229;e4ae52fa-0f02-4285-869e-e74b4769473e;ARKEMA COATEX BRASIL INDÚSTRIA E COMÉRCIO LTDA;ARKEMA COATEX BRASIL INDÚSTRIA E COMÉRCIO LTDA;MTR-20260604-083650;083650;FOSSA — Classe II;11350;PRONTO_PARA_FATURAR;AJUSTE_VALORES_MEDICAO;VALOR_ZERO_NO_CONTRATO;FOSSA;0;0;kg;FOSSA (R$ 0/un) | ENTULHO (R$ 0/un) | FOLHAS E GRAMA (R$ 0/un) | RECICLADO (R$ 0/un);VACUO - FOSSA | POLIGUINDASTE | ROLLON - FOLHAS E GRAMAS;"aguardando medição / aprovação do cliente, sem valor";Preencher valor (R$/kg ou unidade) no cadastro do cliente e salvar;FOSSA;;kg;0;
90238;e4ae52fa-0f02-4285-869e-e74b4769473e;ARKEMA COATEX BRASIL INDÚSTRIA E COMÉRCIO LTDA;ARKEMA COATEX BRASIL INDÚSTRIA E COMÉRCIO LTDA;MTR-20260604-113846;113846;RECICLADO;450;PRONTO_PARA_FATURAR;AJUSTE_VALORES_MEDICAO;VALOR_ZERO_NO_CONTRATO;RECICLADO;0;0;kg;FOSSA (R$ 0/un) | ENTULHO (R$ 0/un) | FOLHAS E GRAMA (R$ 0/un) | RECICLADO (R$ 0/un);VACUO - FOSSA | POLIGUINDASTE | ROLLON - FOLHAS E GRAMAS;"aguardando medição / aprovação do cliente, sem valor";Preencher valor (R$/kg ou unidade) no cadastro do cliente e salvar;RECICLADO;;kg;0;
90292;e4ae52fa-0f02-4285-869e-e74b4769473e;ARKEMA COATEX BRASIL INDÚSTRIA E COMÉRCIO LTDA;ARKEMA COATEX BRASIL INDÚSTRIA E COMÉRCIO LTDA;MTR-20260609-152756;152756;FOSSA MISTURADA — Classe I;11880;PRONTO_PARA_FATURAR;;VALOR_ZERO_NO_CONTRATO;FOSSA;0;0;kg;FOSSA (R$ 0/un) | ENTULHO (R$ 0/un) | FOLHAS E GRAMA (R$ 0/un) | RECICLADO (R$ 0/un);VACUO - FOSSA | POLIGUINDASTE | ROLLON - FOLHAS E GRAMAS;"aguardando aprovação do Faturamento, sem valor";Preencher valor (R$/kg ou unidade) no cadastro do cliente e salvar;FOSSA;;kg;0;
90021;b0d37c26-24bb-4641-aa46-d21ee92d8177;BB TRANSPORTE E TURISMO - ITAPEVI;BB TRANSPORTE E TURISMO - ITAPEVI;MTR-20260526-112122;112122;MIX DE CONTAMINADO — SÓLIDO;650;PRONTO_PARA_FATURAR;;SEM_RESIDUOS_CONTRATO_JSONB;;;;;;;"aguardando aprovação do Faturamento, sem valor";Migrar/preencher residuos_contrato no cadastro do cliente;MIX DE CONTAMINADO — SÓLIDO;;kg;;
90242;cd5b33a4-e360-45eb-999f-332d1ef6b429;BRASIL CORES INDUSTRIA E COMERCIO EIRELI;BRASIL CORES INDUSTRIA E COMERCIO EIRELI;MTR-20260602-161136;161136;MIX DE CONTAMINADOS — Classe I;7960;PRONTO_PARA_FATURAR;;VALOR_ZERO_NO_CONTRATO;MIX DE CONTAMINADOS;0;;kg;MIX DE CONTAMINADOS (R$ 0/un);;"aguardando aprovação do Faturamento, sem valor";Preencher valor (R$/kg ou unidade) no cadastro do cliente e salvar;MIX DE CONTAMINADOS;;kg;;
90256;7aba2b71-05fa-468d-a1a5-f67ea91bb258;CALDEIRARIA CALDLASER LTDA;CALDEIRARIA CALDLASER LTDA;MTR-20260605-133824;133824;MIX CONTAMINADO;2480;PRONTO_PARA_FATURAR;;VALOR_ZERO_NO_CONTRATO;MIX CONTAMINADO;0;;kg;MIX CONTAMINADO (R$ 0/un);;"aguardando aprovação do Faturamento, sem valor";Preencher valor (R$/kg ou unidade) no cadastro do cliente e salvar;MIX CONTAMINADO;;kg;;
90113;2fbcf788-5ac5-42df-9b71-41a754a73a9d;CBA MINERVA COLOR BRASIL QUÍMICA LTDA;CBA MINERVA COLOR BRASIL QUÍMICA LTDA;MTR-20260530-073506;073506;EFLUENTE — Classe I;11930;PRONTO_PARA_FATURAR;;VALOR_ZERO_NO_CONTRATO;EFLUENTE;0;;kg;EFLUENTE (R$ 0/un);;"aguardando aprovação do Faturamento, sem valor";Preencher valor (R$/kg ou unidade) no cadastro do cliente e salvar;EFLUENTE;;kg;;
90144;f71f6055-6d45-42ad-b1d8-b1b853365896;CCI QUIMICA IMP E EXP;CCI QUIMICA IMP E EXP;MTR-20260530-101741;101741;LIQUIDO - EFLUENTE;13210;PRONTO_PARA_FATURAR;;VALOR_ZERO_NO_CONTRATO;LIQUIDO - EFLUENTE;0;;kg;SOLIDO (R$ 0/un) | LIQUIDO - EFLUENTE (R$ 0/un);;"aguardando aprovação do Faturamento, sem valor";Preencher valor (R$/kg ou unidade) no cadastro do cliente e salvar;LIQUIDO - EFLUENTE;;kg;;
90062;d67cc1a8-6f4e-482d-9608-5520d7a52d0b;CEMITÉRIO MEMORIAL PARQUE ITAPEVI;CEMITÉRIO MEMORIAL PARQUE ITAPEVI;MTR-20260528-145141;145141;EXUMAÇÃO — Classe I;4170;PRONTO_PARA_FATURAR;;VALOR_ZERO_NO_CONTRATO;EXUMAÇÃO;0;;kg;EXUMAÇÃO (R$ 0/un);;"aguardando aprovação do Faturamento, sem valor";Preencher valor (R$/kg ou unidade) no cadastro do cliente e salvar;EXUMAÇÃO;;kg;;
90271;;CEMITÉRIO MEMORIAL PARQUE ITAPEVI;;MTR-20260608-164454;164454;MIX CONTAMINADO — Classe I;890;PRONTO_PARA_FATURAR;;SEM_RESIDUOS_CONTRATO_JSONB;;;;;;;"aguardando aprovação do Faturamento, sem valor";Migrar/preencher residuos_contrato no cadastro do cliente;MIX CONTAMINADO — Classe I;;kg;;
90279;32a93175-2fed-4c97-a3f1-ad63f5290f05;CEMITÉRIO XV DE NOVEMBRO;CEMITÉRIO XV DE NOVEMBRO;MTR-20260608-095512;095512;PÓ DE INDEX — Classe II;3590;PRONTO_PARA_FATURAR;;SEM_MATCH_RESIDUO;;;;;RESÍDUO DE EXUMAÇÃO (R$ 0/un);;"aguardando aprovação do Faturamento, sem valor";Conferir nome do resíduo na coleta vs cadastro do cliente;PÓ DE INDEX — Classe II;;kg;;
90037;af7d350e-0b28-4b38-8609-d84ec2981f79;CET BRAZIL EQUIPAMENTOS DE ENERGIA ELETRICA E TECNOLOGIA LTDA;CET BRAZIL EQUIPAMENTOS DE ENERGIA ELETRICA E TECNOLOGIA LTDA;MTR-20260526-163737;163737;MADEIRA — Classe II;3930;PRONTO_PARA_FATURAR;;VALOR_ZERO_NO_CONTRATO;MADEIRA;0;0;kg;MADEIRA (R$ 0/un) | Entulho (R$ 0/un) | Entulho (Excedente a 5t) (R$ 0.3/un) | RCC - RESÍDUO DE CONSTRUÇÃO CIVIL (R$ 0/un);;"aguardando aprovação do Faturamento, sem valor";Preencher valor (R$/kg ou unidade) no cadastro do cliente e salvar;MADEIRA;;kg;0;
90219;af7d350e-0b28-4b38-8609-d84ec2981f79;CET BRAZIL EQUIPAMENTOS DE ENERGIA ELETRICA E TECNOLOGIA LTDA;CET BRAZIL EQUIPAMENTOS DE ENERGIA ELETRICA E TECNOLOGIA LTDA;MTR-20260602-155600;155600;RCC - RESÍDUO DE CONSTRUÇÃO CIVIL — Classe II;3600;PRONTO_PARA_FATURAR;;VALOR_ZERO_NO_CONTRATO;RCC - RESÍDUO DE CONSTRUÇÃO CIVIL;0;;kg;MADEIRA (R$ 0/un) | Entulho (R$ 0/un) | Entulho (Excedente a 5t) (R$ 0.3/un) | RCC - RESÍDUO DE CONSTRUÇÃO CIVIL (R$ 0/un);;"aguardando aprovação do Faturamento, sem valor";Preencher valor (R$/kg ou unidade) no cadastro do cliente e salvar;RCC - RESÍDUO DE CONSTRUÇÃO CIVIL;;kg;;
90253;af7d350e-0b28-4b38-8609-d84ec2981f79;CET BRAZIL EQUIPAMENTOS DE ENERGIA ELETRICA E TECNOLOGIA LTDA;CET BRAZIL EQUIPAMENTOS DE ENERGIA ELETRICA E TECNOLOGIA LTDA;MTR-20260605-143403;143403;MADEIRA — Classe II;4640;PRONTO_PARA_FATURAR;;VALOR_ZERO_NO_CONTRATO;MADEIRA;0;0;kg;MADEIRA (R$ 0/un) | Entulho (R$ 0/un) | Entulho (Excedente a 5t) (R$ 0.3/un) | RCC - RESÍDUO DE CONSTRUÇÃO CIVIL (R$ 0/un);;"aguardando aprovação do Faturamento, sem valor";Preencher valor (R$/kg ou unidade) no cadastro do cliente e salvar;MADEIRA;;kg;0;
90263;95a0631a-e14a-4495-9515-f49893f5750b;DELTA INDUSTRIA DE CAIXAS DE PAPELAO LTDA;DELTA INDUSTRIA DE CAIXAS DE PAPELAO LTDA;MTR-20260608-131200;131200;Fossa Septica — Classe II;13750;PRONTO_PARA_FATURAR;;VALOR_ZERO_NO_CONTRATO;Fossa Septica;0;0;kg;Agua com Tinta (R$ 0.47/un) | Fossa Septica (R$ 0/un);VACUO - FOSSA | VACUO;"aguardando aprovação do Faturamento, sem valor";Preencher valor (R$/kg ou unidade) no cadastro do cliente e salvar;Fossa Septica;;kg;0;
90129;716036a0-5d7f-40c5-8c7b-a0f9ce050647;DINATUR TRANSPORTE E TURISMO LTDA;DINATUR TRANSPORTE E TURISMO LTDA;MTR-20260529-161811;161811;MIX CONTAMINADO — Classe I;800;PRONTO_PARA_FATURAR;;VALOR_ZERO_NO_CONTRATO;MIX CONTAMINADO;0;;kg;AGUA DE LAVAGEM (R$ 0/un) | MIX CONTAMINADO (R$ 0/un);;"aguardando aprovação do Faturamento, sem valor";Preencher valor (R$/kg ou unidade) no cadastro do cliente e salvar;MIX CONTAMINADO;;kg;;
90147;4e381855-393d-4dd3-b9d7-18890dd8c7fe;DUBAI INDÚSTRIA E COMÉRCIO DE TINTAS E VERNIZES LTDA ME;DUBAI INDÚSTRIA E COMÉRCIO DE TINTAS E VERNIZES LTDA ME;MTR-20260601-170448;170448;MIX E  Resíduos de tintas e solventes. SOLIDOS;1120;PRONTO_PARA_FATURAR;;VALOR_ZERO_NO_CONTRATO;MIX E  Resíduos de tintas e solventes. SOLIDOS;0;;kg;MIX E  Resíduos de tintas e solventes. SOLIDOS (R$ 0/un);;"aguardando aprovação do Faturamento, sem valor";Preencher valor (R$/kg ou unidade) no cadastro do cliente e salvar;MIX E  Resíduos de tintas e solventes. SOLIDOS;;kg;;
90046;1a8a7035-3faf-446f-9250-38ab557addff;ELEKTRO REDES S.A;ELEKTRO REDES S.A;MTR-20260526-165246;165246;CLASSE II — SÓLIDO;30090;PRONTO_PARA_FATURAR;;SEM_RESIDUOS_CONTRATO_JSONB;;;;;;;"aguardando aprovação do Faturamento, sem valor";Migrar/preencher residuos_contrato no cadastro do cliente;CLASSE II — SÓLIDO;;kg;;
90053;7fcccc32-12f4-44c1-98e1-d6a16631c875;ELLAN S/A;ELLAN S/A;MTR-20260528-153529;153529;Efluente — Classe I;15000;PRONTO_PARA_FATURAR;;VALOR_ZERO_NO_CONTRATO;EFLUENTE;0;;kg;EFLUENTE (R$ 0/un) | MADEIRA (R$ 0/un) | BORRA DE FOSFATO (R$ 0/un);;"aguardando aprovação do Faturamento, sem valor";Preencher valor (R$/kg ou unidade) no cadastro do cliente e salvar;EFLUENTE;;kg;;
90098;7fcccc32-12f4-44c1-98e1-d6a16631c875;ELLAN S/A;ELLAN S/A;MTR-20260528-183852;183852;EFLUENTE;10100;PRONTO_PARA_FATURAR;;VALOR_ZERO_NO_CONTRATO;EFLUENTE;0;;kg;EFLUENTE (R$ 0/un) | MADEIRA (R$ 0/un) | BORRA DE FOSFATO (R$ 0/un);;"aguardando aprovação do Faturamento, sem valor";Preencher valor (R$/kg ou unidade) no cadastro do cliente e salvar;EFLUENTE;;kg;;
90190;7fcccc32-12f4-44c1-98e1-d6a16631c875;ELLAN S/A;ELLAN S/A;MTR-20260602-162040;162040;EFLUENTE — Classe I;16350;PRONTO_PARA_FATURAR;;VALOR_ZERO_NO_CONTRATO;EFLUENTE;0;;kg;EFLUENTE (R$ 0/un) | MADEIRA (R$ 0/un) | BORRA DE FOSFATO (R$ 0/un);;"aguardando aprovação do Faturamento, sem valor";Preencher valor (R$/kg ou unidade) no cadastro do cliente e salvar;EFLUENTE;;kg;;
90266;7fcccc32-12f4-44c1-98e1-d6a16631c875;ELLAN S/A;ELLAN S/A;MTR-20260608-135432;135432;EFLUENTE — Classe I;11930;PRONTO_PARA_FATURAR;;VALOR_ZERO_NO_CONTRATO;EFLUENTE;0;;kg;EFLUENTE (R$ 0/un) | MADEIRA (R$ 0/un) | BORRA DE FOSFATO (R$ 0/un);;"aguardando aprovação do Faturamento, sem valor";Preencher valor (R$/kg ou unidade) no cadastro do cliente e salvar;EFLUENTE;;kg;;
90115;e07a4b75-3361-48c7-a832-4368fdeec290;ENIND ENGENHARIA E CONSTRUCAO LTDA;ENIND ENGENHARIA E CONSTRUCAO LTDA;MTR-20260528-183126;183126;—;4000;PRONTO_PARA_FATURAR;;SEM_MATCH_RESIDUO;;;;;MADEIRA (R$ 0/un) | RCC (R$ 0/un) | ENTULHO (R$ 0/un) | FOSSA (R$ 0/un);;"aguardando aprovação do Faturamento, sem valor";Conferir nome do resíduo na coleta vs cadastro do cliente;—;;kg;;
90239;777e17f2-03c7-4b9a-bd5c-617959af24bc;ESSECO DO BRASIL INDUSTRIA;ESSECO DO BRASIL INDUSTRIA;MTR-20260605-153921;153921;ENTULHO — Classe II;3100;PRONTO_PARA_FATURAR;;VALOR_ZERO_NO_CONTRATO;ENTULHO;0;;kg;Resíduo Comercial (R$ 0.24/un) | Efluente Industrial (R$ 0.3/un) | ENTULHO (R$ 0/un);;"aguardando aprovação do Faturamento, sem valor";Preencher valor (R$/kg ou unidade) no cadastro do cliente e salvar;ENTULHO;;kg;;
90252;88d51134-3bd4-4a4d-8bef-67a922b0ff8f;ESTRE CAJAMAR;ESTRE CAJAMAR;MTR-20260608-075044;075044;CLASSE II;5440;PRONTO_PARA_FATURAR;;VALOR_ZERO_NO_CONTRATO;CLASSE II;0;;kg;CLASSE II (R$ 0/un);;"aguardando aprovação do Faturamento, sem valor";Preencher valor (R$/kg ou unidade) no cadastro do cliente e salvar;CLASSE II;;kg;;
90282;88d51134-3bd4-4a4d-8bef-67a922b0ff8f;ESTRE CAJAMAR;ESTRE CAJAMAR;MTR-20260608-143108;143108;CLASSE II;1840;PRONTO_PARA_FATURAR;;VALOR_ZERO_NO_CONTRATO;CLASSE II;0;;kg;CLASSE II (R$ 0/un);;"aguardando aprovação do Faturamento, sem valor";Preencher valor (R$/kg ou unidade) no cadastro do cliente e salvar;CLASSE II;;kg;;
90214;bbdb82d9-3f13-431a-aef7-566daf397923;EXELTAINER INDUSTRIA COMERCIO IMPORTACAO E EXPORTACAO DE EMBALAGENS LTDA;EXELTAINER INDUSTRIA COMERCIO IMPORTACAO E EXPORTACAO DE EMBALAGENS LTDA;MTR-20260603-160829;160829;MIX DE CONTAMINADO — Classe I;480;PRONTO_PARA_FATURAR;;VALOR_ZERO_NO_CONTRATO;MIX DE CONTAMINADO;0;;kg;MIX DE CONTAMINADO (R$ 0/un) | EFLUENTE (R$ 0/un);;"aguardando aprovação do Faturamento, sem valor";Preencher valor (R$/kg ou unidade) no cadastro do cliente e salvar;MIX DE CONTAMINADO;;kg;;
90195;818a5cb0-5c38-42a2-b0be-a659361b1716;FAST ENGENHARIA;FAST ENGENHARIA;MTR-20260602-165447;165447;CLASSE II;4790;PRONTO_PARA_FATURAR;;VALOR_ZERO_NO_CONTRATO;CLASSE II;0;;kg;MIX DE CONTAMINADO (R$ 0/un) | CLASSE II (R$ 0/un);;"aguardando aprovação do Faturamento, sem valor";Preencher valor (R$/kg ou unidade) no cadastro do cliente e salvar;CLASSE II;;kg;;
90150;6b5a1823-17b3-4f66-b1bc-bbd838605ecc;FIORELLA BRASIL INDUSTRIA E COMERCIO;FIORELLA BRASIL INDUSTRIA E COMERCIO;MTR-20260603-100604;100604;CINZA DA CALDEIRA;5830;PRONTO_PARA_FATURAR;;VALOR_ZERO_NO_CONTRATO;CINZA DA CALDEIRA;0;;kg;CINZA DA CALDEIRA (R$ 0/un);;"aguardando aprovação do Faturamento, sem valor";Preencher valor (R$/kg ou unidade) no cadastro do cliente e salvar;CINZA DA CALDEIRA;;kg;;
90197;465fddb8-bb41-4a40-92bb-07d1bbf3c187;FLEX CORTE IMPRESSAO DE ROTULOS E ETIQUETAS LTDA;FLEX CORTE IMPRESSAO DE ROTULOS E ETIQUETAS LTDA;MTR-20260604-085919;085919;EMBALAGENS DE PLÁSTICO;7390;PRONTO_PARA_FATURAR;;VALOR_ZERO_NO_CONTRATO;EMBALAGENS DE PLÁSTICO;0;;kg;EMBALAGENS DE PLÁSTICO (R$ 0/un);;"aguardando aprovação do Faturamento, sem valor";Preencher valor (R$/kg ou unidade) no cadastro do cliente e salvar;EMBALAGENS DE PLÁSTICO;;kg;;
90031;bfaa12e5-c75d-4a79-afec-9ba5f690c2b7;FRUTOS DA TERRA PAISAGISMO;FRUTOS DA TERRA PAISAGISMO;MTR-20260526-114821;114821;PODAS DE ARVORES;8880;PRONTO_PARA_FATURAR;;VALOR_ZERO_NO_CONTRATO;PODAS DE ARVORES;0;;kg;PODAS DE ARVORES (R$ 0/un);;"aguardando aprovação do Faturamento, sem valor";Preencher valor (R$/kg ou unidade) no cadastro do cliente e salvar;PODAS DE ARVORES;;kg;;
90108;bfaa12e5-c75d-4a79-afec-9ba5f690c2b7;FRUTOS DA TERRA PAISAGISMO;FRUTOS DA TERRA PAISAGISMO;MTR-20260528-182858;182858;PODAS DE ARVORES;12360;PRONTO_PARA_FATURAR;;VALOR_ZERO_NO_CONTRATO;PODAS DE ARVORES;0;;kg;PODAS DE ARVORES (R$ 0/un);;"aguardando aprovação do Faturamento, sem valor";Preencher valor (R$/kg ou unidade) no cadastro do cliente e salvar;PODAS DE ARVORES;;kg;;
90251;e3cf1134-6ddb-4120-ba66-3e5e25b67eb2;GALTRON QUIMICA INDUSTRIA E COMERCIO LTDA;GALTRON QUIMICA INDUSTRIA E COMERCIO LTDA;MTR-20260605-141622;141622;EFLUENTE — Classe I;10460;PRONTO_PARA_FATURAR;;VALOR_ZERO_NO_CONTRATO;EFLUENTE;0;;kg;RESIDUO QUIMICOS (R$ 0/un) | EFLUENTE (R$ 0/un);;"aguardando aprovação do Faturamento, sem valor";Preencher valor (R$/kg ou unidade) no cadastro do cliente e salvar;EFLUENTE;;kg;;
90051;86f34061-83c4-4a59-a566-75dc8c4a2df3;GALVANOBRAS GALVANOPLASTIA DO BRASIL;GALVANOBRAS GALVANOPLASTIA DO BRASIL;MTR-20260528-153742;153742;TROCA CAÇAMBA 7M³ - LODO;3960;PRONTO_PARA_FATURAR;;SEM_MATCH_RESIDUO;;;;;LODO DE ESTAÇÃO DE TRATAMENTO (R$ 0/un);;"aguardando aprovação do Faturamento, sem valor";Conferir nome do resíduo na coleta vs cadastro do cliente;TROCA CAÇAMBA 7M³ - LODO;;kg;;
90160;f835351b-5a00-4f3f-852c-ee0af5755517;GIUDIT COMESTICOS LTDA;GIUDIT COMESTICOS LTDA;MTR-20260603-104413;104413;FOSSA — Classe II;10850;PRONTO_PARA_FATURAR;;VALOR_ZERO_NO_CONTRATO;FOSSA;0;0;kg;FOSSA (R$ 0/un) | SOLIDOS / MIX CONTAMINADO (R$ 0.89/un) | EFLUENTE INDUSTRIAL (R$ 0.3/un);VACUO | BAU | FOSSA SEPTICA;"aguardando aprovação do Faturamento, sem valor";Preencher valor (R$/kg ou unidade) no cadastro do cliente e salvar;FOSSA;;kg;0;
90071;9e67337f-e2d2-4707-bbe4-7ae48579c67d;GRANTEL (FURNAS);GRANTEL (FURNAS);MTR-20260527-172809;172809;RESIDUO COMERCIAL;2720;PRONTO_PARA_FATURAR;;SEM_MATCH_RESIDUO;;;;;CLASSE II (R$ 0/un);;"aguardando aprovação do Faturamento, sem valor";Conferir nome do resíduo na coleta vs cadastro do cliente;RESIDUO COMERCIAL;;kg;;
90153;9e67337f-e2d2-4707-bbe4-7ae48579c67d;GRANTEL (FURNAS);GRANTEL (FURNAS);MTR-20260601-163056;163056;CLASSE II - PLÁSTICOS;1050;PRONTO_PARA_FATURAR;;VALOR_ZERO_NO_CONTRATO;CLASSE II;0;;kg;CLASSE II (R$ 0/un);;"aguardando aprovação do Faturamento, sem valor";Preencher valor (R$/kg ou unidade) no cadastro do cliente e salvar;CLASSE II;;kg;;
90215;9e67337f-e2d2-4707-bbe4-7ae48579c67d;GRANTEL (FURNAS);GRANTEL (FURNAS);MTR-20260605-101438;101438;RESÍDUO DE CONSTRUÇÃO CIVIL;24610;PRONTO_PARA_FATURAR;;SEM_MATCH_RESIDUO;;;;;CLASSE II (R$ 0/un);;"aguardando aprovação do Faturamento, sem valor";Conferir nome do resíduo na coleta vs cadastro do cliente;RESÍDUO DE CONSTRUÇÃO CIVIL;;kg;;
90216;9e67337f-e2d2-4707-bbe4-7ae48579c67d;GRANTEL (FURNAS);GRANTEL (FURNAS);MTR-20260605-101933;101933;RESÍDUO DE CONSTRUÇÃO CIVIL;22180;PRONTO_PARA_FATURAR;;SEM_MATCH_RESIDUO;;;;;CLASSE II (R$ 0/un);;"aguardando aprovação do Faturamento, sem valor";Conferir nome do resíduo na coleta vs cadastro do cliente;RESÍDUO DE CONSTRUÇÃO CIVIL;;kg;;
90217;9e67337f-e2d2-4707-bbe4-7ae48579c67d;GRANTEL (FURNAS);GRANTEL (FURNAS);MTR-20260605-102550;102550;RESÍDUO COMÉRCIAL;2980;PRONTO_PARA_FATURAR;;SEM_MATCH_RESIDUO;;;;;CLASSE II (R$ 0/un);;"aguardando aprovação do Faturamento, sem valor";Conferir nome do resíduo na coleta vs cadastro do cliente;RESÍDUO COMÉRCIAL;;kg;;
90277;9e67337f-e2d2-4707-bbe4-7ae48579c67d;GRANTEL (FURNAS);GRANTEL (FURNAS);MTR-20260608-111812;111812;CLASSE II;520;PRONTO_PARA_FATURAR;;VALOR_ZERO_NO_CONTRATO;CLASSE II;0;;kg;CLASSE II (R$ 0/un);;"aguardando aprovação do Faturamento, sem valor";Preencher valor (R$/kg ou unidade) no cadastro do cliente e salvar;CLASSE II;;kg;;
90291;9e67337f-e2d2-4707-bbe4-7ae48579c67d;GRANTEL (FURNAS);GRANTEL (FURNAS);MTR-20260608-113324;113324;CLASSE II;710;PRONTO_PARA_FATURAR;;VALOR_ZERO_NO_CONTRATO;CLASSE II;0;;kg;CLASSE II (R$ 0/un);;"aguardando aprovação do Faturamento, sem valor";Preencher valor (R$/kg ou unidade) no cadastro do cliente e salvar;CLASSE II;;kg;;
90244;603e80b9-61b2-4c65-913f-94736a95f0d9;GTEX BRASIL INDUSTRIA E COMERCIO;GTEX BRASIL INDUSTRIA E COMERCIO;MTR-20260604-153627;153627;RESÍDUO DE VARRIÇÃO — Classe II;570;PRONTO_PARA_FATURAR;;VALOR_ZERO_NO_CONTRATO;RESÍDUO DE VARRIÇÃO;0;;kg;RESÍDUO DE VARRIÇÃO (R$ 0/un);;"aguardando aprovação do Faturamento, sem valor";Preencher valor (R$/kg ou unidade) no cadastro do cliente e salvar;RESÍDUO DE VARRIÇÃO;;kg;;
90218;a77adced-0bbd-40df-b092-1cc9428ee082;GULF OIL DO BRASIL LTDA;GULF OIL DO BRASIL LTDA;MTR-20260605-103845;103845;RCC - RESÍDUO DE CONSTRUÇÃO CIVIL — Classe II;9740;PRONTO_PARA_FATURAR;;VALOR_ZERO_NO_CONTRATO;RCC - RESÍDUO DE CONSTRUÇÃO CIVIL;0;;kg;RCC - RESÍDUO DE CONSTRUÇÃO CIVIL (R$ 0/un);;"aguardando aprovação do Faturamento, sem valor";Preencher valor (R$/kg ou unidade) no cadastro do cliente e salvar;RCC - RESÍDUO DE CONSTRUÇÃO CIVIL;;kg;;
90056;4aa1a85d-43f7-42b8-820c-4bddf780be18;HB FULLER BRASIL LTDA. - 63611 (FABRICA);HB FULLER BRASIL LTDA. - 63611 (FABRICA);MTR-20260528-151640;151640;Mix contaminado — Classe I;10220;PRONTO_PARA_FATURAR;;SEM_MATCH_RESIDUO;;;;;Resíduos Solidos Diversos (R$ 0.85/un) | Efluente Industrial (R$ 0.31/un);;"aguardando aprovação do Faturamento, sem valor";Conferir nome do resíduo na coleta vs cadastro do cliente;Mix contaminado — Classe I;;kg;;
90061;4aa1a85d-43f7-42b8-820c-4bddf780be18;HB FULLER BRASIL LTDA. - 63611 (FABRICA);HB FULLER BRASIL LTDA. - 63611 (FABRICA);MTR-20260528-145935;145935;Classe II;4510;PRONTO_PARA_FATURAR;;SEM_MATCH_RESIDUO;;;;;Resíduos Solidos Diversos (R$ 0.85/un) | Efluente Industrial (R$ 0.31/un);;"aguardando aprovação do Faturamento, sem valor";Conferir nome do resíduo na coleta vs cadastro do cliente;Classe II;;kg;;
90064;4aa1a85d-43f7-42b8-820c-4bddf780be18;HB FULLER BRASIL LTDA. - 63611 (FABRICA);HB FULLER BRASIL LTDA. - 63611 (FABRICA);MTR-20260528-165720;165720;CLASSE II;6510;PRONTO_PARA_FATURAR;;SEM_MATCH_RESIDUO;;;;;Resíduos Solidos Diversos (R$ 0.85/un) | Efluente Industrial (R$ 0.31/un);;"aguardando aprovação do Faturamento, sem valor";Conferir nome do resíduo na coleta vs cadastro do cliente;CLASSE II;;kg;;
90143;;HB FULLER BRASIL LTDA. - 63611 (FABRICA);;MTR-20260601-133024;133024;Efluente Industrial — Classe I;14900;PRONTO_PARA_FATURAR;;SEM_RESIDUOS_CONTRATO_JSONB;;;;;;;"aguardando aprovação do Faturamento, sem valor";Migrar/preencher residuos_contrato no cadastro do cliente;Efluente Industrial — Classe I;;kg;;
90224;59427f8e-9af7-4ecb-8ce8-70629c744496;JR COMERCIO DE MATERIAIS PARA POLIMENTOS DE METAIS LTDA;JR COMERCIO DE MATERIAIS PARA POLIMENTOS DE METAIS LTDA;MTR-20260604-114917;114917;SEBO DE BOI — Classe II;3930;PRONTO_PARA_FATURAR;;VALOR_ZERO_NO_CONTRATO;SEBO DE BOI;0;;kg;SEBO DE BOI (R$ 0/un);;"aguardando aprovação do Faturamento, sem valor";Preencher valor (R$/kg ou unidade) no cadastro do cliente e salvar;SEBO DE BOI;;kg;;
90126;641db5d2-6661-4293-93c6-37453a7e12b9;LABTERAPI LABORATORIO DE PRODUTOS NATURAIS EIRELI;LABTERAPI LABORATORIO DE PRODUTOS NATURAIS EIRELI;MTR-20260529-162821;162821;PRODUTO ACABADO — SÓLIDO;1211;PRONTO_PARA_FATURAR;;SEM_MATCH_RESIDUO;;;;;EFLUENTE (R$ 0/un);;"aguardando aprovação do Faturamento, sem valor";Conferir nome do resíduo na coleta vs cadastro do cliente;PRODUTO ACABADO — SÓLIDO;;kg;;
90231;641db5d2-6661-4293-93c6-37453a7e12b9;LABTERAPI LABORATORIO DE PRODUTOS NATURAIS EIRELI;LABTERAPI LABORATORIO DE PRODUTOS NATURAIS EIRELI;MTR-20260604-084903;084903;EFLUENTE — Classe I;7300;PRONTO_PARA_FATURAR;;VALOR_ZERO_NO_CONTRATO;EFLUENTE;0;;kg;EFLUENTE (R$ 0/un);;"aguardando aprovação do Faturamento, sem valor";Preencher valor (R$/kg ou unidade) no cadastro do cliente e salvar;EFLUENTE;;kg;;
90054;a1a54594-acda-4581-b3b9-af9ba461a0da;LANCO LTDA;LANCO LTDA;MTR-20260528-152610;152610;Efluente industrial — Classe I;15870;PRONTO_PARA_FATURAR;;VALOR_ZERO_NO_CONTRATO;EFLUENTE;0;;kg;EFLUENTE (R$ 0/un);;"aguardando aprovação do Faturamento, sem valor";Preencher valor (R$/kg ou unidade) no cadastro do cliente e salvar;EFLUENTE;;kg;;
90024;b8784b59-0ec1-44a3-ba8b-23f8512f60fb;LAVAPANO TEXTIL LTDA;LAVAPANO TEXTIL LTDA;MTR-20260526-115950;115950;BORRA DE ÓLEO — LÍQUIDO;10450;PRONTO_PARA_FATURAR;;SEM_MATCH_RESIDUO;;;;;EFLUENTE INDUSTRIAL (R$ 0/un) | MIX DE CONTAMINADO / BORRA (R$ 0/un);;"aguardando aprovação do Faturamento, sem valor";Conferir nome do resíduo na coleta vs cadastro do cliente;BORRA DE ÓLEO — LÍQUIDO;;kg;;
90132;b8784b59-0ec1-44a3-ba8b-23f8512f60fb;LAVAPANO TEXTIL LTDA;LAVAPANO TEXTIL LTDA;MTR-20260529-163358;163358;EFLUENTE — LÍQUIDO;13100;PRONTO_PARA_FATURAR;;SEM_MATCH_RESIDUO;;;;;EFLUENTE INDUSTRIAL (R$ 0/un) | MIX DE CONTAMINADO / BORRA (R$ 0/un);;"aguardando aprovação do Faturamento, sem valor";Conferir nome do resíduo na coleta vs cadastro do cliente;EFLUENTE — LÍQUIDO;;kg;;
90034;86779922-f5eb-4400-9c97-81fd521fb159;LEVITARE - INDUSTRIA E COMERCIO DE LATICINIOS LTDA;LEVITARE - INDUSTRIA E COMERCIO DE LATICINIOS LTDA;MTR-20260526-163258;163258;LODO — SEMISSÓLIDO;28800;PRONTO_PARA_FATURAR;;SEM_MATCH_RESIDUO;;;;;SORO DE LEITE (R$ 0/un);;"aguardando aprovação do Faturamento, sem valor";Conferir nome do resíduo na coleta vs cadastro do cliente;LODO — SEMISSÓLIDO;;kg;;
90297;86779922-f5eb-4400-9c97-81fd521fb159;LEVITARE - INDUSTRIA E COMERCIO DE LATICINIOS LTDA;LEVITARE - INDUSTRIA E COMERCIO DE LATICINIOS LTDA;MTR-20260609-153816;153816;SORO DE LEITE — Classe I;14450;PRONTO_PARA_FATURAR;;VALOR_ZERO_NO_CONTRATO;SORO DE LEITE;0;;kg;SORO DE LEITE (R$ 0/un);;"aguardando aprovação do Faturamento, sem valor";Preencher valor (R$/kg ou unidade) no cadastro do cliente e salvar;SORO DE LEITE;;kg;;
90030;92040b16-6a58-432b-85aa-cb938220b3a3;MAHLE METAL LEVE S.A.;MAHLE METAL LEVE S.A.;MTR-20260526-104545;104545;FRETE;5150;PRONTO_PARA_FATURAR;;VALOR_ZERO_NO_CONTRATO;FRETE;0;;;FRETE (R$ 0/un);;"aguardando aprovação do Faturamento, sem valor";Preencher valor (R$/kg ou unidade) no cadastro do cliente e salvar;FRETE;;kg;;
90085;92040b16-6a58-432b-85aa-cb938220b3a3;MAHLE METAL LEVE S.A.;MAHLE METAL LEVE S.A.;MTR-20260527-170550;170550;FRETE;0;PENDENTE;;VALOR_ZERO_NO_CONTRATO;FRETE;0;;;FRETE (R$ 0/un);;"sem peso líquido, aguardando aprovação do Faturamento, sem valor";Preencher valor (R$/kg ou unidade) no cadastro do cliente e salvar;FRETE;;kg;;
90204;92040b16-6a58-432b-85aa-cb938220b3a3;MAHLE METAL LEVE S.A.;MAHLE METAL LEVE S.A.;MTR-20260603-143558;143558;FRETE;2420;PRONTO_PARA_FATURAR;;VALOR_ZERO_NO_CONTRATO;FRETE;0;;;FRETE (R$ 0/un);;"aguardando aprovação do Faturamento, sem valor";Preencher valor (R$/kg ou unidade) no cadastro do cliente e salvar;FRETE;;kg;;
90232;de7a9f00-c922-4b28-b0c7-410ba3db5833;MARBOW RESINAS EIRELI;MARBOW RESINAS EIRELI;MTR-20260605-131248;131248;FOSSA SEPTICA — Classe II;12110;PRONTO_PARA_FATURAR;;VALOR_ZERO_NO_CONTRATO;FOSSA SEPTICA;0;0;kg;BIG BAGS CONTAMINADOS (R$ 0.72/un) | EFLUENTE INDUSTRIAL (R$ 0.5/un) | MIX DE SOLIDOS DIVERSOS (R$ 0.72/un) | FOSSA SEPTICA (R$ 0/un);CARRETA GRANELEIRA | ROLLON - CAIXA BAIXA OU ALTA | VACUO - FOSSA;"aguardando aprovação do Faturamento, sem valor";Preencher valor (R$/kg ou unidade) no cadastro do cliente e salvar;FOSSA SEPTICA;;kg;0;
90016;d53b7220-fbb2-474c-9966-ff7fd438889f;METALEX LTDA;METALEX LTDA;MTR-20260526-101751;101751;MADEIRA;6200;PRONTO_PARA_FATURAR;;VALOR_ZERO_NO_CONTRATO;MADEIRA;0;0;kg;EMULSÃO OLEOSA (R$ 0/un) | ENTULHO (R$ 0.2/un) | MATERIAL REFRATÁRIO (R$ 0.5/un) | MADEIRA (R$ 0/un) | EDDY CURRENT (R$ 0.5/un) | PÓ DE INDEX (R$ 0/un) | SUCATA (R$ 0/un);POLIGUINDASTE | ROLLON | ROLLON - MADEIRA;"aguardando aprovação do Faturamento, sem valor";Preencher valor (R$/kg ou unidade) no cadastro do cliente e salvar;MADEIRA;;kg;0;
90076;d53b7220-fbb2-474c-9966-ff7fd438889f;METALEX LTDA;METALEX LTDA;MTR-20260529-113922;113922;PÓ DE INDEX — Classe II;3670;PRONTO_PARA_FATURAR;;VALOR_ZERO_NO_CONTRATO;PÓ DE INDEX;0;;kg;EMULSÃO OLEOSA (R$ 0/un) | ENTULHO (R$ 0.2/un) | MATERIAL REFRATÁRIO (R$ 0.5/un) | MADEIRA (R$ 0/un) | EDDY CURRENT (R$ 0.5/un) | PÓ DE INDEX (R$ 0/un) | SUCATA (R$ 0/un);POLIGUINDASTE | ROLLON | ROLLON - MADEIRA;"aguardando aprovação do Faturamento, sem valor";Preencher valor (R$/kg ou unidade) no cadastro do cliente e salvar;PÓ DE INDEX;;kg;;
90077;d53b7220-fbb2-474c-9966-ff7fd438889f;METALEX LTDA;METALEX LTDA;MTR-20260528-182342;182342;PÓ DE INDEX — Classe II;1950;PRONTO_PARA_FATURAR;;VALOR_ZERO_NO_CONTRATO;PÓ DE INDEX;0;;kg;EMULSÃO OLEOSA (R$ 0/un) | ENTULHO (R$ 0.2/un) | MATERIAL REFRATÁRIO (R$ 0.5/un) | MADEIRA (R$ 0/un) | EDDY CURRENT (R$ 0.5/un) | PÓ DE INDEX (R$ 0/un) | SUCATA (R$ 0/un);POLIGUINDASTE | ROLLON | ROLLON - MADEIRA;"aguardando aprovação do Faturamento, sem valor";Preencher valor (R$/kg ou unidade) no cadastro do cliente e salvar;PÓ DE INDEX;;kg;;
90107;d53b7220-fbb2-474c-9966-ff7fd438889f;METALEX LTDA;METALEX LTDA;MTR-20260528-182248;182248;MADEIRA;2540;PRONTO_PARA_FATURAR;;VALOR_ZERO_NO_CONTRATO;MADEIRA;0;0;kg;EMULSÃO OLEOSA (R$ 0/un) | ENTULHO (R$ 0.2/un) | MATERIAL REFRATÁRIO (R$ 0.5/un) | MADEIRA (R$ 0/un) | EDDY CURRENT (R$ 0.5/un) | PÓ DE INDEX (R$ 0/un) | SUCATA (R$ 0/un);POLIGUINDASTE | ROLLON | ROLLON - MADEIRA;"aguardando aprovação do Faturamento, sem valor";Preencher valor (R$/kg ou unidade) no cadastro do cliente e salvar;MADEIRA;;kg;0;
90112;d53b7220-fbb2-474c-9966-ff7fd438889f;METALEX LTDA;METALEX LTDA;MTR-20260527-170612;170612;PÓ DE INDEX — Classe II;7280;PRONTO_PARA_FATURAR;;VALOR_ZERO_NO_CONTRATO;PÓ DE INDEX;0;;kg;EMULSÃO OLEOSA (R$ 0/un) | ENTULHO (R$ 0.2/un) | MATERIAL REFRATÁRIO (R$ 0.5/un) | MADEIRA (R$ 0/un) | EDDY CURRENT (R$ 0.5/un) | PÓ DE INDEX (R$ 0/un) | SUCATA (R$ 0/un);POLIGUINDASTE | ROLLON | ROLLON - MADEIRA;"aguardando aprovação do Faturamento, sem valor";Preencher valor (R$/kg ou unidade) no cadastro do cliente e salvar;PÓ DE INDEX;;kg;;
90182;d53b7220-fbb2-474c-9966-ff7fd438889f;METALEX LTDA;METALEX LTDA;MTR-20260602-155853;155853;MADEIRA;6500;PRONTO_PARA_FATURAR;;VALOR_ZERO_NO_CONTRATO;MADEIRA;0;0;kg;EMULSÃO OLEOSA (R$ 0/un) | ENTULHO (R$ 0.2/un) | MATERIAL REFRATÁRIO (R$ 0.5/un) | MADEIRA (R$ 0/un) | EDDY CURRENT (R$ 0.5/un) | PÓ DE INDEX (R$ 0/un) | SUCATA (R$ 0/un);POLIGUINDASTE | ROLLON | ROLLON - MADEIRA;"aguardando aprovação do Faturamento, sem valor";Preencher valor (R$/kg ou unidade) no cadastro do cliente e salvar;MADEIRA;;kg;0;
90205;d53b7220-fbb2-474c-9966-ff7fd438889f;METALEX LTDA;METALEX LTDA;MTR-20260604-071522;071522;SUCATA;510;PRONTO_PARA_FATURAR;;VALOR_ZERO_NO_CONTRATO;SUCATA;0;;kg;EMULSÃO OLEOSA (R$ 0/un) | ENTULHO (R$ 0.2/un) | MATERIAL REFRATÁRIO (R$ 0.5/un) | MADEIRA (R$ 0/un) | EDDY CURRENT (R$ 0.5/un) | PÓ DE INDEX (R$ 0/un) | SUCATA (R$ 0/un);POLIGUINDASTE | ROLLON | ROLLON - MADEIRA;"aguardando aprovação do Faturamento, sem valor";Preencher valor (R$/kg ou unidade) no cadastro do cliente e salvar;SUCATA;;kg;;
90212;d53b7220-fbb2-474c-9966-ff7fd438889f;METALEX LTDA;METALEX LTDA;MTR-20260604-123039;123039;MADEIRA;3430;PRONTO_PARA_FATURAR;;VALOR_ZERO_NO_CONTRATO;MADEIRA;0;0;kg;EMULSÃO OLEOSA (R$ 0/un) | ENTULHO (R$ 0.2/un) | MATERIAL REFRATÁRIO (R$ 0.5/un) | MADEIRA (R$ 0/un) | EDDY CURRENT (R$ 0.5/un) | PÓ DE INDEX (R$ 0/un) | SUCATA (R$ 0/un);POLIGUINDASTE | ROLLON | ROLLON - MADEIRA;"aguardando aprovação do Faturamento, sem valor";Preencher valor (R$/kg ou unidade) no cadastro do cliente e salvar;MADEIRA;;kg;0;
90222;d53b7220-fbb2-474c-9966-ff7fd438889f;METALEX LTDA;METALEX LTDA;MTR-20260604-073511;073511;PÓ DE INDEX — Classe II;4020;PRONTO_PARA_FATURAR;;VALOR_ZERO_NO_CONTRATO;PÓ DE INDEX;0;;kg;EMULSÃO OLEOSA (R$ 0/un) | ENTULHO (R$ 0.2/un) | MATERIAL REFRATÁRIO (R$ 0.5/un) | MADEIRA (R$ 0/un) | EDDY CURRENT (R$ 0.5/un) | PÓ DE INDEX (R$ 0/un) | SUCATA (R$ 0/un);POLIGUINDASTE | ROLLON | ROLLON - MADEIRA;"aguardando aprovação do Faturamento, sem valor";Preencher valor (R$/kg ou unidade) no cadastro do cliente e salvar;PÓ DE INDEX;;kg;;
90227;d53b7220-fbb2-474c-9966-ff7fd438889f;METALEX LTDA;METALEX LTDA;MTR-20260604-082723;082723;MADEIRA;1080;PRONTO_PARA_FATURAR;;VALOR_ZERO_NO_CONTRATO;MADEIRA;0;0;kg;EMULSÃO OLEOSA (R$ 0/un) | ENTULHO (R$ 0.2/un) | MATERIAL REFRATÁRIO (R$ 0.5/un) | MADEIRA (R$ 0/un) | EDDY CURRENT (R$ 0.5/un) | PÓ DE INDEX (R$ 0/un) | SUCATA (R$ 0/un);POLIGUINDASTE | ROLLON | ROLLON - MADEIRA;"aguardando aprovação do Faturamento, sem valor";Preencher valor (R$/kg ou unidade) no cadastro do cliente e salvar;MADEIRA;;kg;0;
90247;d53b7220-fbb2-474c-9966-ff7fd438889f;METALEX LTDA;METALEX LTDA;MTR-20260605-101131;101131;MADEIRA;1750;PRONTO_PARA_FATURAR;;VALOR_ZERO_NO_CONTRATO;MADEIRA;0;0;kg;EMULSÃO OLEOSA (R$ 0/un) | ENTULHO (R$ 0.2/un) | MATERIAL REFRATÁRIO (R$ 0.5/un) | MADEIRA (R$ 0/un) | EDDY CURRENT (R$ 0.5/un) | PÓ DE INDEX (R$ 0/un) | SUCATA (R$ 0/un);POLIGUINDASTE | ROLLON | ROLLON - MADEIRA;"aguardando aprovação do Faturamento, sem valor";Preencher valor (R$/kg ou unidade) no cadastro do cliente e salvar;MADEIRA;;kg;0;
90249;d53b7220-fbb2-474c-9966-ff7fd438889f;METALEX LTDA;METALEX LTDA;MTR-20260608-074751;074751;PÓ DE INDEX — Classe II;2810;PRONTO_PARA_FATURAR;;VALOR_ZERO_NO_CONTRATO;PÓ DE INDEX;0;;kg;EMULSÃO OLEOSA (R$ 0/un) | ENTULHO (R$ 0.2/un) | MATERIAL REFRATÁRIO (R$ 0.5/un) | MADEIRA (R$ 0/un) | EDDY CURRENT (R$ 0.5/un) | PÓ DE INDEX (R$ 0/un) | SUCATA (R$ 0/un);POLIGUINDASTE | ROLLON | ROLLON - MADEIRA;"aguardando aprovação do Faturamento, sem valor";Preencher valor (R$/kg ou unidade) no cadastro do cliente e salvar;PÓ DE INDEX;;kg;;
90260;d53b7220-fbb2-474c-9966-ff7fd438889f;METALEX LTDA;METALEX LTDA;MTR-20260604-122952;122952;MADEIRA;4680;PRONTO_PARA_FATURAR;;VALOR_ZERO_NO_CONTRATO;MADEIRA;0;0;kg;EMULSÃO OLEOSA (R$ 0/un) | ENTULHO (R$ 0.2/un) | MATERIAL REFRATÁRIO (R$ 0.5/un) | MADEIRA (R$ 0/un) | EDDY CURRENT (R$ 0.5/un) | PÓ DE INDEX (R$ 0/un) | SUCATA (R$ 0/un);POLIGUINDASTE | ROLLON | ROLLON - MADEIRA;"aguardando aprovação do Faturamento, sem valor";Preencher valor (R$/kg ou unidade) no cadastro do cliente e salvar;MADEIRA;;kg;0;
90280;d53b7220-fbb2-474c-9966-ff7fd438889f;METALEX LTDA;METALEX LTDA;MTR-20260609-073830;073830;PÓ DE INDEX — Classe II;3410;PRONTO_PARA_FATURAR;;VALOR_ZERO_NO_CONTRATO;PÓ DE INDEX;0;;kg;EMULSÃO OLEOSA (R$ 0/un) | ENTULHO (R$ 0.2/un) | MATERIAL REFRATÁRIO (R$ 0.5/un) | MADEIRA (R$ 0/un) | EDDY CURRENT (R$ 0.5/un) | PÓ DE INDEX (R$ 0/un) | SUCATA (R$ 0/un);POLIGUINDASTE | ROLLON | ROLLON - MADEIRA;"aguardando aprovação do Faturamento, sem valor";Preencher valor (R$/kg ou unidade) no cadastro do cliente e salvar;PÓ DE INDEX;;kg;;
90281;d53b7220-fbb2-474c-9966-ff7fd438889f;METALEX LTDA;METALEX LTDA;MTR-20260609-074517;074517;PÓ DE INDEX — Classe II;1900;PRONTO_PARA_FATURAR;;VALOR_ZERO_NO_CONTRATO;PÓ DE INDEX;0;;kg;EMULSÃO OLEOSA (R$ 0/un) | ENTULHO (R$ 0.2/un) | MATERIAL REFRATÁRIO (R$ 0.5/un) | MADEIRA (R$ 0/un) | EDDY CURRENT (R$ 0.5/un) | PÓ DE INDEX (R$ 0/un) | SUCATA (R$ 0/un);POLIGUINDASTE | ROLLON | ROLLON - MADEIRA;"aguardando aprovação do Faturamento, sem valor";Preencher valor (R$/kg ou unidade) no cadastro do cliente e salvar;PÓ DE INDEX;;kg;;
90296;d53b7220-fbb2-474c-9966-ff7fd438889f;METALEX LTDA;METALEX LTDA;MTR-20260609-153647;153647;MADEIRA;1840;PRONTO_PARA_FATURAR;;VALOR_ZERO_NO_CONTRATO;MADEIRA;0;0;kg;EMULSÃO OLEOSA (R$ 0/un) | ENTULHO (R$ 0.2/un) | MATERIAL REFRATÁRIO (R$ 0.5/un) | MADEIRA (R$ 0/un) | EDDY CURRENT (R$ 0.5/un) | PÓ DE INDEX (R$ 0/un) | SUCATA (R$ 0/un);POLIGUINDASTE | ROLLON | ROLLON - MADEIRA;"aguardando aprovação do Faturamento, sem valor";Preencher valor (R$/kg ou unidade) no cadastro do cliente e salvar;MADEIRA;;kg;0;
90264;c7a0ad89-9ff2-4f6e-bd48-9333e385a3d7;METALURGICA RIGITEC LTDA;METALURGICA RIGITEC LTDA;MTR-20260605-144323;144323-1;LODO GALVÂNICO;13810;PRONTO_PARA_FATURAR;;VALOR_ZERO_NO_CONTRATO;LODO GALVÂNICO;0;;kg;LODO GALVÂNICO (R$ 0/un) | MIX DE SÓLIDOS CONTAMINADOS (R$ 0/un);;"aguardando aprovação do Faturamento, sem valor";Preencher valor (R$/kg ou unidade) no cadastro do cliente e salvar;LODO GALVÂNICO;;kg;;
90265;c7a0ad89-9ff2-4f6e-bd48-9333e385a3d7;METALURGICA RIGITEC LTDA;METALURGICA RIGITEC LTDA;MTR-20260605-144323;144323-2;MIX DE SÓLIDOS CONTAMINADOS;1030;PRONTO_PARA_FATURAR;;VALOR_ZERO_NO_CONTRATO;MIX DE SÓLIDOS CONTAMINADOS;0;;kg;LODO GALVÂNICO (R$ 0/un) | MIX DE SÓLIDOS CONTAMINADOS (R$ 0/un);;"aguardando aprovação do Faturamento, sem valor";Preencher valor (R$/kg ou unidade) no cadastro do cliente e salvar;MIX DE SÓLIDOS CONTAMINADOS;;kg;;
90245;519f598a-d6e9-41a4-920f-aa57eaaa8861;MF SERVIÇOS DE LAVAGEM AUTOMOTIVA;MF SERVIÇOS DE LAVAGEM AUTOMOTIVA;MTR-20260609-112721;112721;MIX CONTAMINADO;6300;PRONTO_PARA_FATURAR;;VALOR_ZERO_NO_CONTRATO;MIX CONTAMINADO;0;;kg;MIX CONTAMINADO (R$ 0/un);;"aguardando aprovação do Faturamento, sem valor";Preencher valor (R$/kg ou unidade) no cadastro do cliente e salvar;MIX CONTAMINADO;;kg;;
90040;90a6e612-ed9c-453a-88cf-52ad56f3d8e1;MILFLEX - VALQUIM DISTRIBUIÇÃO LTDA;MILFLEX - VALQUIM DISTRIBUIÇÃO LTDA;MTR-20260528-150804;150804;MIX CONTAMINADO — SÓLIDO;3120;PRONTO_PARA_FATURAR;;SEM_MATCH_RESIDUO;;;;;MIX DE CONTAMINADO (R$ 0/un);;"aguardando aprovação do Faturamento, sem valor";Conferir nome do resíduo na coleta vs cadastro do cliente;MIX CONTAMINADO — SÓLIDO;;kg;;
90198;90a6e612-ed9c-453a-88cf-52ad56f3d8e1;MILFLEX - VALQUIM DISTRIBUIÇÃO LTDA;MILFLEX - VALQUIM DISTRIBUIÇÃO LTDA;MTR-20260602-164930;164930;MIX DE CONTAMINADO — Classe I;9880;PRONTO_PARA_FATURAR;;VALOR_ZERO_NO_CONTRATO;MIX DE CONTAMINADO;0;;kg;MIX DE CONTAMINADO (R$ 0/un);;"aguardando aprovação do Faturamento, sem valor";Preencher valor (R$/kg ou unidade) no cadastro do cliente e salvar;MIX DE CONTAMINADO;;kg;;
90117;d204572e-4858-45bb-b2de-5ab8ec92d1a8;NDS TRANSPORTES E LOGÍSTICA LTDA;NDS TRANSPORTES E LOGÍSTICA LTDA;MTR-20260601-143503;143503;IMPRÓPRIO PARA CONSUMO;20470;PRONTO_PARA_FATURAR;;VALOR_ZERO_NO_CONTRATO;IMPRÓPRIO PARA CONSUMO;0;;kg;IMPRÓPRIO PARA CONSUMO (R$ 0/un);;"aguardando aprovação do Faturamento, sem valor";Preencher valor (R$/kg ou unidade) no cadastro do cliente e salvar;IMPRÓPRIO PARA CONSUMO;;kg;;
90200;c7e9225f-46e1-4ace-bb41-a973c4afa16f;PEGORARO - BARUERI;PEGORARO - BARUERI;MTR-20260603-155254;155254;ENTULHO — Classe II;3130;PRONTO_PARA_FATURAR;;VALOR_ZERO_NO_CONTRATO;ENTULHO;0;;kg;ENTULHO (R$ 0/un);;"aguardando aprovação do Faturamento, sem valor";Preencher valor (R$/kg ou unidade) no cadastro do cliente e salvar;ENTULHO;;kg;;
90109;8b6ac096-0d2a-4a01-ac03-27d98714b69e;PEGORARO - SANTANA DE PARNAÍBA;PEGORARO - SANTANA DE PARNAÍBA;MTR-20260529-160315;160315;ENTULHO — SÓLIDO;1500;PRONTO_PARA_FATURAR;;VALOR_ZERO_NO_CONTRATO;ENTULHO;0;;kg;ENTULHO (R$ 0/un);;"aguardando aprovação do Faturamento, sem valor";Preencher valor (R$/kg ou unidade) no cadastro do cliente e salvar;ENTULHO;;kg;;
90199;8b6ac096-0d2a-4a01-ac03-27d98714b69e;PEGORARO - SANTANA DE PARNAÍBA;PEGORARO - SANTANA DE PARNAÍBA;MTR-20260602-154303;154303;ENTULHO — Classe II;3840;PRONTO_PARA_FATURAR;;VALOR_ZERO_NO_CONTRATO;ENTULHO;0;;kg;ENTULHO (R$ 0/un);;"aguardando aprovação do Faturamento, sem valor";Preencher valor (R$/kg ou unidade) no cadastro do cliente e salvar;ENTULHO;;kg;;
90220;8b6ac096-0d2a-4a01-ac03-27d98714b69e;PEGORARO - SANTANA DE PARNAÍBA;PEGORARO - SANTANA DE PARNAÍBA;MTR-20260604-135048;135048;ENTULHO — Classe II;6380;PRONTO_PARA_FATURAR;;VALOR_ZERO_NO_CONTRATO;ENTULHO;0;;kg;ENTULHO (R$ 0/un);;"aguardando aprovação do Faturamento, sem valor";Preencher valor (R$/kg ou unidade) no cadastro do cliente e salvar;ENTULHO;;kg;;
90230;8b6ac096-0d2a-4a01-ac03-27d98714b69e;PEGORARO - SANTANA DE PARNAÍBA;PEGORARO - SANTANA DE PARNAÍBA;MTR-20260608-090619;090619;ENTULHO — Classe II;6380;PRONTO_PARA_FATURAR;;VALOR_ZERO_NO_CONTRATO;ENTULHO;0;;kg;ENTULHO (R$ 0/un);;"aguardando aprovação do Faturamento, sem valor";Preencher valor (R$/kg ou unidade) no cadastro do cliente e salvar;ENTULHO;;kg;;
90047;8c00b9d5-4fa2-4e5c-a61c-b8f6163674f1;PILAR QUÍMICA DO BRASIL LTDA;PILAR QUÍMICA DO BRASIL LTDA;MTR-20260528-152823;152823;CLASSE II;2710;PRONTO_PARA_FATURAR;;VALOR_ZERO_NO_CONTRATO;CLASSE II;0;;kg;BORRA DE LIMPEZA DO TANQUE DE EFLUENTE (R$ 0/un) | CLASSE II (R$ 0/un);;"aguardando aprovação do Faturamento, sem valor";Preencher valor (R$/kg ou unidade) no cadastro do cliente e salvar;CLASSE II;;kg;;
90070;4679aec0-1e73-4e5a-820a-94f5222b59a4;PRAPIANO LOCACAO DE IMOVEIS LTDA (NOVA GEO);PRAPIANO LOCACAO DE IMOVEIS LTDA (NOVA GEO);MTR-20260528-074900;074900;EFLUENTE;8390;PRONTO_PARA_FATURAR;;VALOR_ZERO_NO_CONTRATO;EFLUENTE;0;;kg;EFLUENTE (R$ 0/un);;"aguardando aprovação do Faturamento, sem valor";Preencher valor (R$/kg ou unidade) no cadastro do cliente e salvar;EFLUENTE;;kg;;
90095;4679aec0-1e73-4e5a-820a-94f5222b59a4;PRAPIANO LOCACAO DE IMOVEIS LTDA (NOVA GEO);PRAPIANO LOCACAO DE IMOVEIS LTDA (NOVA GEO);MTR-20260528-074003;074003;EFLUENTE;1720;PRONTO_PARA_FATURAR;;VALOR_ZERO_NO_CONTRATO;EFLUENTE;0;;kg;EFLUENTE (R$ 0/un);;"aguardando aprovação do Faturamento, sem valor";Preencher valor (R$/kg ou unidade) no cadastro do cliente e salvar;EFLUENTE;;kg;;
90158;4679aec0-1e73-4e5a-820a-94f5222b59a4;PRAPIANO LOCACAO DE IMOVEIS LTDA (NOVA GEO);PRAPIANO LOCACAO DE IMOVEIS LTDA (NOVA GEO);MTR-20260601-142616;142616;EFLUENTE;8640;PRONTO_PARA_FATURAR;;VALOR_ZERO_NO_CONTRATO;EFLUENTE;0;;kg;EFLUENTE (R$ 0/un);;"aguardando aprovação do Faturamento, sem valor";Preencher valor (R$/kg ou unidade) no cadastro do cliente e salvar;EFLUENTE;;kg;;
90023;5e42dc50-fdb6-491e-935a-64d3d408c3d9;PRIMEDGE DO BRASIL COMERCIO DE MAQUINAS;PRIMEDGE DO BRASIL COMERCIO DE MAQUINAS E EQUIPAMENTOS INDUSTRIA ALIMENTICIAS LTDA;MTR-20260526-114636;114636;CLASSE II;3470;PRONTO_PARA_FATURAR;;VALOR_ZERO_NO_CONTRATO;CLASSE II;0;;kg;CLASSE II (R$ 0/un);;"aguardando aprovação do Faturamento, sem valor";Preencher valor (R$/kg ou unidade) no cadastro do cliente e salvar;CLASSE II;;kg;;
90258;805e7290-f5ef-485d-83ee-5f5335bb0922;QUANTIQ DISTRIBUIDORA LTDA;QUANTIQ DISTRIBUIDORA LTDA;MTR-20260605-134926;134926;ÁGUA COM ÓLEO — Classe I;36340;PRONTO_PARA_FATURAR;;VALOR_ZERO_NO_CONTRATO;ÁGUA COM ÓLEO;0;;kg;ÁGUA COM ÓLEO (R$ 0/un);;"aguardando aprovação do Faturamento, sem valor";Preencher valor (R$/kg ou unidade) no cadastro do cliente e salvar;ÁGUA COM ÓLEO;;kg;;
90259;805e7290-f5ef-485d-83ee-5f5335bb0922;QUANTIQ DISTRIBUIDORA LTDA;QUANTIQ DISTRIBUIDORA LTDA;MTR-20260605-140235;140235;ÁGUA COM ÓLEO — Classe I;9550;PRONTO_PARA_FATURAR;;VALOR_ZERO_NO_CONTRATO;ÁGUA COM ÓLEO;0;;kg;ÁGUA COM ÓLEO (R$ 0/un);;"aguardando aprovação do Faturamento, sem valor";Preencher valor (R$/kg ou unidade) no cadastro do cliente e salvar;ÁGUA COM ÓLEO;;kg;;
90159;b50413d2-e698-4fd5-b428-1265a91269c2;RESICRYL INDUSTRIA E COMERCIO LTDA;RESICRYL INDUSTRIA E COMERCIO LTDA;MTR-20260602-165810;165810;Fossa Septica — Classe II;11190;PRONTO_PARA_FATURAR;;VALOR_ZERO_NO_CONTRATO;Fossa Septica;0;0;kg;MIX DE SOLIDOS DIVERSOS (R$ 0.58/un) | EFLUENTE INDUSTRIAL (R$ 0.12/un) | RECICLADO (R$ 0/un) | Fossa Septica (R$ 0/un);ROLLON | VACUO - 12M | VACUO - FOSSA;"aguardando aprovação do Faturamento, sem valor";Preencher valor (R$/kg ou unidade) no cadastro do cliente e salvar;Fossa Septica;;kg;0;
90191;b50413d2-e698-4fd5-b428-1265a91269c2;RESICRYL INDUSTRIA E COMERCIO LTDA;RESICRYL INDUSTRIA E COMERCIO LTDA;MTR-20260602-163554;163554;Fossa Septica — Classe II;14830;PRONTO_PARA_FATURAR;;VALOR_ZERO_NO_CONTRATO;Fossa Septica;0;0;kg;MIX DE SOLIDOS DIVERSOS (R$ 0.58/un) | EFLUENTE INDUSTRIAL (R$ 0.12/un) | RECICLADO (R$ 0/un) | Fossa Septica (R$ 0/un);ROLLON | VACUO - 12M | VACUO - FOSSA;"aguardando aprovação do Faturamento, sem valor";Preencher valor (R$/kg ou unidade) no cadastro do cliente e salvar;Fossa Septica;;kg;0;
90057;2f4ce7fb-13a4-41a8-9130-5a28c6264c0e;RUDOLF BRASIL LTDA;RUDOLF BRASIL LTDA;MTR-20260528-151404;151404;CLASSE II;140;PRONTO_PARA_FATURAR;;VALOR_ZERO_NO_CONTRATO;CLASSE II;0;;kg;MIX CONTAMINADO (R$ 0.86/un) | CLASSE II (R$ 0/un);BAU;"aguardando aprovação do Faturamento, sem valor";Preencher valor (R$/kg ou unidade) no cadastro do cliente e salvar;CLASSE II;;kg;;
90081;2f4ce7fb-13a4-41a8-9130-5a28c6264c0e;RUDOLF BRASIL LTDA;RUDOLF BRASIL LTDA;MTR-20260527-172717;172717;CLASSE II — Classe I;20;PRONTO_PARA_FATURAR;;VALOR_ZERO_NO_CONTRATO;CLASSE II;0;;kg;MIX CONTAMINADO (R$ 0.86/un) | CLASSE II (R$ 0/un);BAU;"aguardando aprovação do Faturamento, sem valor";Preencher valor (R$/kg ou unidade) no cadastro do cliente e salvar;CLASSE II;;kg;;
90148;2f4ce7fb-13a4-41a8-9130-5a28c6264c0e;RUDOLF BRASIL LTDA;RUDOLF BRASIL LTDA;MTR-20260601-133542;133542;CLASSE II — Classe I;130;PRONTO_PARA_FATURAR;;VALOR_ZERO_NO_CONTRATO;CLASSE II;0;;kg;MIX CONTAMINADO (R$ 0.86/un) | CLASSE II (R$ 0/un);BAU;"aguardando aprovação do Faturamento, sem valor";Preencher valor (R$/kg ou unidade) no cadastro do cliente e salvar;CLASSE II;;kg;;
90269;2f4ce7fb-13a4-41a8-9130-5a28c6264c0e;RUDOLF BRASIL LTDA;RUDOLF BRASIL LTDA;MTR-20260603-153935;153935;CLASSE II — Classe I;140;PRONTO_PARA_FATURAR;;VALOR_ZERO_NO_CONTRATO;CLASSE II;0;;kg;MIX CONTAMINADO (R$ 0.86/un) | CLASSE II (R$ 0/un);BAU;"aguardando aprovação do Faturamento, sem valor";Preencher valor (R$/kg ou unidade) no cadastro do cliente e salvar;CLASSE II;;kg;;
90189;93adf8b5-21d8-47b2-ad0d-38c849e8a047;SEDES ELBAC;SEDES ELBAC;MTR-20260602-163238;163238;EFLUENTE INDUSTRIAL — Classe I;4270;PRONTO_PARA_FATURAR;;VALOR_ZERO_NO_CONTRATO;EFLUENTE INDUSTRIAL;0;;kg;MIX DE CONTAMINADO (R$ 0/un) | EFLUENTE INDUSTRIAL (R$ 0/un);;"aguardando aprovação do Faturamento, sem valor";Preencher valor (R$/kg ou unidade) no cadastro do cliente e salvar;EFLUENTE INDUSTRIAL;;kg;;
90278;cf4becd2-eb58-428b-b84b-afd7b6996da3;SOMAR EMBALAGENS INDUSTRIA DE CAIXAS DE PAPELAO LTDA;SOMAR EMBALAGENS INDUSTRIA DE CAIXAS DE PAPELAO LTDA;MTR-20260608-132629;132629;ÁGUA CONTAMINADA COM TINTA — Classe I;9080;PRONTO_PARA_FATURAR;;VALOR_ZERO_NO_CONTRATO;ÁGUA CONTAMINADA COM TINTA;0;;kg;ÁGUA CONTAMINADA COM TINTA (R$ 0/un);;"aguardando aprovação do Faturamento, sem valor";Preencher valor (R$/kg ou unidade) no cadastro do cliente e salvar;ÁGUA CONTAMINADA COM TINTA;;kg;;
90091;7f2a2e29-028e-45ef-9bf3-179777312ed4;SOMOV RENTAL LTDA - ARAÇARIGUAMA;SOMOV RENTAL LTDA - ARAÇARIGUAMA;MTR-20260601-091558;091558;RESÍDUOS COMERCIAIS — Classe II;950;PRONTO_PARA_FATURAR;;VALOR_ZERO_NO_CONTRATO;RESÍDUOS COMERCIAIS;0;;kg;FOSSA MISTURADA (R$ 0.37/un) | RESÍDUOS COMERCIAIS (R$ 0/un) | MIX DE CONTAMINADO (R$ 0.68/un) | MADEIRA (R$ 0/un) | SUCATA (R$ 0/un);POLI;"aguardando aprovação do Faturamento, sem valor";Preencher valor (R$/kg ou unidade) no cadastro do cliente e salvar;RESÍDUOS COMERCIAIS;;kg;;
90236;7f2a2e29-028e-45ef-9bf3-179777312ed4;SOMOV RENTAL LTDA - ARAÇARIGUAMA;SOMOV RENTAL LTDA - ARAÇARIGUAMA;MTR-20260604-115005;115005;SUCATA;7580;PRONTO_PARA_FATURAR;;VALOR_ZERO_NO_CONTRATO;SUCATA;0;;kg;FOSSA MISTURADA (R$ 0.37/un) | RESÍDUOS COMERCIAIS (R$ 0/un) | MIX DE CONTAMINADO (R$ 0.68/un) | MADEIRA (R$ 0/un) | SUCATA (R$ 0/un);POLI;"aguardando aprovação do Faturamento, sem valor";Preencher valor (R$/kg ou unidade) no cadastro do cliente e salvar;SUCATA;;kg;;
90237;7f2a2e29-028e-45ef-9bf3-179777312ed4;SOMOV RENTAL LTDA - ARAÇARIGUAMA;SOMOV RENTAL LTDA - ARAÇARIGUAMA;MTR-20260608-093206;093206;MADEIRA — Classe II;2020;PRONTO_PARA_FATURAR;;VALOR_ZERO_NO_CONTRATO;MADEIRA;0;;kg;FOSSA MISTURADA (R$ 0.37/un) | RESÍDUOS COMERCIAIS (R$ 0/un) | MIX DE CONTAMINADO (R$ 0.68/un) | MADEIRA (R$ 0/un) | SUCATA (R$ 0/un);POLI;"aguardando aprovação do Faturamento, sem valor";Preencher valor (R$/kg ou unidade) no cadastro do cliente e salvar;MADEIRA;;kg;;
90127;a3927fdb-6748-46e9-841e-cc122dea8498;SOMOV S/A - CAMPINAS;SOMOV S/A - CAMPINAS;MTR-20260602-103808;103808-1;ÁGUA COM ÓLEO — Classe I;1620;PRONTO_PARA_FATURAR;;VALOR_ZERO_NO_CONTRATO;ÁGUA COM ÓLEO;0;;kg;MIX DE CONTAMINADOS (R$ 0/un) | ÁGUA COM ÓLEO (R$ 0/un);;"aguardando aprovação do Faturamento, sem valor";Preencher valor (R$/kg ou unidade) no cadastro do cliente e salvar;ÁGUA COM ÓLEO;;kg;;
90128;a3927fdb-6748-46e9-841e-cc122dea8498;SOMOV S/A - CAMPINAS;SOMOV S/A - CAMPINAS;MTR-20260602-103808;103808-2;MIX DE CONTAMINADOS — Classe I;180;PRONTO_PARA_FATURAR;;VALOR_ZERO_NO_CONTRATO;MIX DE CONTAMINADOS;0;0;kg;MIX DE CONTAMINADOS (R$ 0/un) | ÁGUA COM ÓLEO (R$ 0/un);;"aguardando aprovação do Faturamento, sem valor";Preencher valor (R$/kg ou unidade) no cadastro do cliente e salvar;MIX DE CONTAMINADOS;;kg;0;
90164;a3927fdb-6748-46e9-841e-cc122dea8498;SOMOV S/A - CAMPINAS;SOMOV S/A - CAMPINAS;MTR-20260602-103808;;ÁGUA COM ÓLEO — Classe I;1620;PENDENTE;;VALOR_ZERO_NO_CONTRATO;ÁGUA COM ÓLEO;0;;kg;MIX DE CONTAMINADOS (R$ 0/un) | ÁGUA COM ÓLEO (R$ 0/un);;"sem ticket, sem valor";Preencher valor (R$/kg ou unidade) no cadastro do cliente e salvar;ÁGUA COM ÓLEO;;kg;;
90165;a3927fdb-6748-46e9-841e-cc122dea8498;SOMOV S/A - CAMPINAS;SOMOV S/A - CAMPINAS;MTR-20260602-103808;;ÁGUA COM ÓLEO — Classe I;1620;PENDENTE;;VALOR_ZERO_NO_CONTRATO;ÁGUA COM ÓLEO;0;;kg;MIX DE CONTAMINADOS (R$ 0/un) | ÁGUA COM ÓLEO (R$ 0/un);;"sem ticket, sem valor";Preencher valor (R$/kg ou unidade) no cadastro do cliente e salvar;ÁGUA COM ÓLEO;;kg;;
90166;a3927fdb-6748-46e9-841e-cc122dea8498;SOMOV S/A - CAMPINAS;SOMOV S/A - CAMPINAS;MTR-20260602-103808;;ÁGUA COM ÓLEO — Classe I;1620;PENDENTE;;VALOR_ZERO_NO_CONTRATO;ÁGUA COM ÓLEO;0;;kg;MIX DE CONTAMINADOS (R$ 0/un) | ÁGUA COM ÓLEO (R$ 0/un);;"sem ticket, sem valor";Preencher valor (R$/kg ou unidade) no cadastro do cliente e salvar;ÁGUA COM ÓLEO;;kg;;
90167;a3927fdb-6748-46e9-841e-cc122dea8498;SOMOV S/A - CAMPINAS;SOMOV S/A - CAMPINAS;MTR-20260602-103808;;ÁGUA COM ÓLEO — Classe I;1620;PENDENTE;;VALOR_ZERO_NO_CONTRATO;ÁGUA COM ÓLEO;0;;kg;MIX DE CONTAMINADOS (R$ 0/un) | ÁGUA COM ÓLEO (R$ 0/un);;"sem ticket, sem valor";Preencher valor (R$/kg ou unidade) no cadastro do cliente e salvar;ÁGUA COM ÓLEO;;kg;;
90168;a3927fdb-6748-46e9-841e-cc122dea8498;SOMOV S/A - CAMPINAS;SOMOV S/A - CAMPINAS;MTR-20260602-103808;;ÁGUA COM ÓLEO — Classe I;1620;PENDENTE;;VALOR_ZERO_NO_CONTRATO;ÁGUA COM ÓLEO;0;;kg;MIX DE CONTAMINADOS (R$ 0/un) | ÁGUA COM ÓLEO (R$ 0/un);;"sem ticket, sem valor";Preencher valor (R$/kg ou unidade) no cadastro do cliente e salvar;ÁGUA COM ÓLEO;;kg;;
90169;a3927fdb-6748-46e9-841e-cc122dea8498;SOMOV S/A - CAMPINAS;SOMOV S/A - CAMPINAS;MTR-20260602-103808;;ÁGUA COM ÓLEO — Classe I;1620;PENDENTE;;VALOR_ZERO_NO_CONTRATO;ÁGUA COM ÓLEO;0;;kg;MIX DE CONTAMINADOS (R$ 0/un) | ÁGUA COM ÓLEO (R$ 0/un);;"sem ticket, sem valor";Preencher valor (R$/kg ou unidade) no cadastro do cliente e salvar;ÁGUA COM ÓLEO;;kg;;
90170;a3927fdb-6748-46e9-841e-cc122dea8498;SOMOV S/A - CAMPINAS;SOMOV S/A - CAMPINAS;MTR-20260602-103808;;ÁGUA COM ÓLEO — Classe I;1620;PENDENTE;;VALOR_ZERO_NO_CONTRATO;ÁGUA COM ÓLEO;0;;kg;MIX DE CONTAMINADOS (R$ 0/un) | ÁGUA COM ÓLEO (R$ 0/un);;"sem ticket, sem valor";Preencher valor (R$/kg ou unidade) no cadastro do cliente e salvar;ÁGUA COM ÓLEO;;kg;;
90171;a3927fdb-6748-46e9-841e-cc122dea8498;SOMOV S/A - CAMPINAS;SOMOV S/A - CAMPINAS;MTR-20260602-103808;;ÁGUA COM ÓLEO — Classe I;1620;PENDENTE;;VALOR_ZERO_NO_CONTRATO;ÁGUA COM ÓLEO;0;;kg;MIX DE CONTAMINADOS (R$ 0/un) | ÁGUA COM ÓLEO (R$ 0/un);;"sem ticket, sem valor";Preencher valor (R$/kg ou unidade) no cadastro do cliente e salvar;ÁGUA COM ÓLEO;;kg;;
90172;a3927fdb-6748-46e9-841e-cc122dea8498;SOMOV S/A - CAMPINAS;SOMOV S/A - CAMPINAS;MTR-20260602-103808;;ÁGUA COM ÓLEO — Classe I;1620;PENDENTE;;VALOR_ZERO_NO_CONTRATO;ÁGUA COM ÓLEO;0;;kg;MIX DE CONTAMINADOS (R$ 0/un) | ÁGUA COM ÓLEO (R$ 0/un);;"sem ticket, sem valor";Preencher valor (R$/kg ou unidade) no cadastro do cliente e salvar;ÁGUA COM ÓLEO;;kg;;
90173;a3927fdb-6748-46e9-841e-cc122dea8498;SOMOV S/A - CAMPINAS;SOMOV S/A - CAMPINAS;MTR-20260602-103808;;ÁGUA COM ÓLEO — Classe I;1620;PENDENTE;;VALOR_ZERO_NO_CONTRATO;ÁGUA COM ÓLEO;0;;kg;MIX DE CONTAMINADOS (R$ 0/un) | ÁGUA COM ÓLEO (R$ 0/un);;"sem ticket, sem valor";Preencher valor (R$/kg ou unidade) no cadastro do cliente e salvar;ÁGUA COM ÓLEO;;kg;;
90174;a3927fdb-6748-46e9-841e-cc122dea8498;SOMOV S/A - CAMPINAS;SOMOV S/A - CAMPINAS;MTR-20260602-103808;;ÁGUA COM ÓLEO — Classe I;1620;PENDENTE;;VALOR_ZERO_NO_CONTRATO;ÁGUA COM ÓLEO;0;;kg;MIX DE CONTAMINADOS (R$ 0/un) | ÁGUA COM ÓLEO (R$ 0/un);;"sem ticket, sem valor";Preencher valor (R$/kg ou unidade) no cadastro do cliente e salvar;ÁGUA COM ÓLEO;;kg;;
90175;a3927fdb-6748-46e9-841e-cc122dea8498;SOMOV S/A - CAMPINAS;SOMOV S/A - CAMPINAS;MTR-20260602-103808;;ÁGUA COM ÓLEO — Classe I;1620;PENDENTE;;VALOR_ZERO_NO_CONTRATO;ÁGUA COM ÓLEO;0;;kg;MIX DE CONTAMINADOS (R$ 0/un) | ÁGUA COM ÓLEO (R$ 0/un);;"sem ticket, sem valor";Preencher valor (R$/kg ou unidade) no cadastro do cliente e salvar;ÁGUA COM ÓLEO;;kg;;
90176;a3927fdb-6748-46e9-841e-cc122dea8498;SOMOV S/A - CAMPINAS;SOMOV S/A - CAMPINAS;MTR-20260602-103808;;ÁGUA COM ÓLEO — Classe I;1620;PENDENTE;;VALOR_ZERO_NO_CONTRATO;ÁGUA COM ÓLEO;0;;kg;MIX DE CONTAMINADOS (R$ 0/un) | ÁGUA COM ÓLEO (R$ 0/un);;"sem ticket, sem valor";Preencher valor (R$/kg ou unidade) no cadastro do cliente e salvar;ÁGUA COM ÓLEO;;kg;;
90177;a3927fdb-6748-46e9-841e-cc122dea8498;SOMOV S/A - CAMPINAS;SOMOV S/A - CAMPINAS;MTR-20260602-103808;;ÁGUA COM ÓLEO — Classe I;1620;PENDENTE;;VALOR_ZERO_NO_CONTRATO;ÁGUA COM ÓLEO;0;;kg;MIX DE CONTAMINADOS (R$ 0/un) | ÁGUA COM ÓLEO (R$ 0/un);;"sem ticket, sem valor";Preencher valor (R$/kg ou unidade) no cadastro do cliente e salvar;ÁGUA COM ÓLEO;;kg;;
90178;a3927fdb-6748-46e9-841e-cc122dea8498;SOMOV S/A - CAMPINAS;SOMOV S/A - CAMPINAS;MTR-20260602-103808;;ÁGUA COM ÓLEO — Classe I;1620;PENDENTE;;VALOR_ZERO_NO_CONTRATO;ÁGUA COM ÓLEO;0;;kg;MIX DE CONTAMINADOS (R$ 0/un) | ÁGUA COM ÓLEO (R$ 0/un);;"sem ticket, sem valor";Preencher valor (R$/kg ou unidade) no cadastro do cliente e salvar;ÁGUA COM ÓLEO;;kg;;
90179;a3927fdb-6748-46e9-841e-cc122dea8498;SOMOV S/A - CAMPINAS;SOMOV S/A - CAMPINAS;MTR-20260602-103808;;ÁGUA COM ÓLEO — Classe I;1620;PENDENTE;;VALOR_ZERO_NO_CONTRATO;ÁGUA COM ÓLEO;0;;kg;MIX DE CONTAMINADOS (R$ 0/un) | ÁGUA COM ÓLEO (R$ 0/un);;"sem ticket, sem valor";Preencher valor (R$/kg ou unidade) no cadastro do cliente e salvar;ÁGUA COM ÓLEO;;kg;;
90151;ab9e7858-1c86-408c-850e-38b881e1b107;SPAY (WORDLUB / SILCON);SPAY (WORDLUB / SILCON);MTR-20260601-160344;160344;EFLUENTE;21010;PRONTO_PARA_FATURAR;;VALOR_ZERO_NO_CONTRATO;EFLUENTE INDUSTRIAL;0;;kg;EFLUENTE INDUSTRIAL (R$ 0/un) | PRODUTO ACABADO (R$ 0/un);;"aguardando aprovação do Faturamento, sem valor";Preencher valor (R$/kg ou unidade) no cadastro do cliente e salvar;EFLUENTE INDUSTRIAL;;kg;;
90020;1168c15e-07a8-4f3c-afe5-3f0b7950121b;TAM LINHAS AEREAS (GRU);TAM LINHAS AEREAS (GRU);MTR-20260526-110654;110654-1;MIX DE CONTAMINADO — SÓLIDO;4320;PRONTO_PARA_FATURAR;;SEM_RESIDUOS_CONTRATO_JSONB;;;;;;;"aguardando aprovação do Faturamento, sem valor";Migrar/preencher residuos_contrato no cadastro do cliente;MIX DE CONTAMINADO — SÓLIDO;;kg;;
90119;1168c15e-07a8-4f3c-afe5-3f0b7950121b;TAM LINHAS AEREAS (GRU);TAM LINHAS AEREAS (GRU);MTR-20260526-110654;110654-2;RESÍDUOS HORMONAIS;710;PRONTO_PARA_FATURAR;;SEM_RESIDUOS_CONTRATO_JSONB;;;;;;;"aguardando aprovação do Faturamento, sem valor";Migrar/preencher residuos_contrato no cadastro do cliente;RESÍDUOS HORMONAIS;;kg;;
90120;1168c15e-07a8-4f3c-afe5-3f0b7950121b;TAM LINHAS AEREAS (GRU);TAM LINHAS AEREAS (GRU);MTR-20260526-110654;110654-3;SOLVENTE;1020;PRONTO_PARA_FATURAR;;SEM_RESIDUOS_CONTRATO_JSONB;;;;;;;"aguardando aprovação do Faturamento, sem valor";Migrar/preencher residuos_contrato no cadastro do cliente;SOLVENTE;;kg;;
90121;1168c15e-07a8-4f3c-afe5-3f0b7950121b;TAM LINHAS AEREAS (GRU);TAM LINHAS AEREAS (GRU);MTR-20260526-110654;110654-4;RESÍDUO QUÍMICO;2870;PRONTO_PARA_FATURAR;;SEM_RESIDUOS_CONTRATO_JSONB;;;;;;;"aguardando aprovação do Faturamento, sem valor";Migrar/preencher residuos_contrato no cadastro do cliente;RESÍDUO QUÍMICO;;kg;;
90122;1168c15e-07a8-4f3c-afe5-3f0b7950121b;TAM LINHAS AEREAS (GRU);TAM LINHAS AEREAS (GRU);MTR-20260526-110654;110654-5;MIX;1910;PRONTO_PARA_FATURAR;;SEM_RESIDUOS_CONTRATO_JSONB;;;;;;;"aguardando aprovação do Faturamento, sem valor";Migrar/preencher residuos_contrato no cadastro do cliente;MIX;;kg;;
90123;1168c15e-07a8-4f3c-afe5-3f0b7950121b;TAM LINHAS AEREAS (GRU);TAM LINHAS AEREAS (GRU);MTR-20260526-110654;110654-6;RSS;290;PRONTO_PARA_FATURAR;;SEM_RESIDUOS_CONTRATO_JSONB;;;;;;;"aguardando aprovação do Faturamento, sem valor";Migrar/preencher residuos_contrato no cadastro do cliente;RSS;;kg;;
90060;e92f48ce-c2a0-4962-9839-14fb228f73ce;TECTHANE INDUSTRIA E COMERCIO DE ARTEFATOS EM POLIURETANO LTDA;TECTHANE INDUSTRIA E COMERCIO DE ARTEFATOS EM POLIURETANO LTDA;MTR-20260528-150507;150507;REFUGOS DE PLÁSTICO;1100;PRONTO_PARA_FATURAR;;VALOR_ZERO_NO_CONTRATO;REFUGOS DE PLÁSTICO;0;;kg;Mix Contaminados Solidos (R$ 0.65/un) | Efluente Contaminados (R$ 0.65/un) | REFUGOS DE PLÁSTICO (R$ 0/un);;"aguardando aprovação do Faturamento, sem valor";Preencher valor (R$/kg ou unidade) no cadastro do cliente e salvar;REFUGOS DE PLÁSTICO;;kg;;
90149;e92f48ce-c2a0-4962-9839-14fb228f73ce;TECTHANE INDUSTRIA E COMERCIO DE ARTEFATOS EM POLIURETANO LTDA;TECTHANE INDUSTRIA E COMERCIO DE ARTEFATOS EM POLIURETANO LTDA;MTR-20260601-134127;134127;REFUGOS PLÁSTICO — SÓLIDO;470;PRONTO_PARA_FATURAR;;SEM_MATCH_RESIDUO;;;;;Mix Contaminados Solidos (R$ 0.65/un) | Efluente Contaminados (R$ 0.65/un) | REFUGOS DE PLÁSTICO (R$ 0/un);;"aguardando aprovação do Faturamento, sem valor";Conferir nome do resíduo na coleta vs cadastro do cliente;REFUGOS PLÁSTICO — SÓLIDO;;kg;;
90274;e92f48ce-c2a0-4962-9839-14fb228f73ce;TECTHANE INDUSTRIA E COMERCIO DE ARTEFATOS EM POLIURETANO LTDA;TECTHANE INDUSTRIA E COMERCIO DE ARTEFATOS EM POLIURETANO LTDA;MTR-20260603-143157;143157;REFUGOS DE PLÁSTICO;1360;PRONTO_PARA_FATURAR;;VALOR_ZERO_NO_CONTRATO;REFUGOS DE PLÁSTICO;0;;kg;Mix Contaminados Solidos (R$ 0.65/un) | Efluente Contaminados (R$ 0.65/un) | REFUGOS DE PLÁSTICO (R$ 0/un);;"aguardando aprovação do Faturamento, sem valor";Preencher valor (R$/kg ou unidade) no cadastro do cliente e salvar;REFUGOS DE PLÁSTICO;;kg;;
90209;9496121f-9ae0-451a-96e1-bb54628951c4;TOYO INK BRASIL LTDA;TOYO INK BRASIL LTDA;MTR-20260603-162236;162236;MIX DE CONTAMINADO — Classe I;1680;PRONTO_PARA_FATURAR;;VALOR_ZERO_NO_CONTRATO;MIX DE CONTAMINADO;0;;kg;MIX DE CONTAMINADO (R$ 0/un) | BORRA DE TINTA (R$ 0/un);;"aguardando aprovação do Faturamento, sem valor";Preencher valor (R$/kg ou unidade) no cadastro do cliente e salvar;MIX DE CONTAMINADO;;kg;;
90272;9496121f-9ae0-451a-96e1-bb54628951c4;TOYO INK BRASIL LTDA;TOYO INK BRASIL LTDA;MTR-20260608-104757;104757-1;MIX DE CONTAMINADO — Classe I;2810;PRONTO_PARA_FATURAR;;VALOR_ZERO_NO_CONTRATO;MIX DE CONTAMINADO;0;;kg;MIX DE CONTAMINADO (R$ 0/un) | BORRA DE TINTA (R$ 0/un);;"aguardando aprovação do Faturamento, sem valor";Preencher valor (R$/kg ou unidade) no cadastro do cliente e salvar;MIX DE CONTAMINADO;;kg;;
90273;9496121f-9ae0-451a-96e1-bb54628951c4;TOYO INK BRASIL LTDA;TOYO INK BRASIL LTDA;MTR-20260608-104757;104757-2;BORRA DE TINTA — Classe I;560;PRONTO_PARA_FATURAR;;VALOR_ZERO_NO_CONTRATO;BORRA DE TINTA;0;;kg;MIX DE CONTAMINADO (R$ 0/un) | BORRA DE TINTA (R$ 0/un);;"aguardando aprovação do Faturamento, sem valor";Preencher valor (R$/kg ou unidade) no cadastro do cliente e salvar;BORRA DE TINTA;;kg;;
90033;cc899da2-a3cb-4d38-9a20-b409fbdf3042;TRANS KOTHE TRANSPORTES RODOVIÁRIOS S/A;TRANS KOTHE TRANSPORTES RODOVIÁRIOS S/A;MTR-20260526-162541;162541;CINTAS — SÓLIDO;450;PRONTO_PARA_FATURAR;;SEM_RESIDUOS_CONTRATO_JSONB;;;;;;;"aguardando aprovação do Faturamento, sem valor";Migrar/preencher residuos_contrato no cadastro do cliente;CINTAS — SÓLIDO;;kg;;
90009;93ce40cc-98cb-4cdc-bd63-5e99c6cc20ad;TRISOFT TEXTIL;TRISOFT TEXTIL;MTR-20260526-092551;092551;CLASSE II — SÓLIDO;1500;PRONTO_PARA_FATURAR;MEDICAO_PENDENTE;VALOR_ZERO_NO_CONTRATO;CLASSE II;0;;kg;CLASSE II (R$ 0/un) | ENTULHO (R$ 0/un) | SUCATA (R$ 0/un);;"aguardando medição / aprovação do cliente, sem valor";Preencher valor (R$/kg ou unidade) no cadastro do cliente e salvar;CLASSE II;;kg;;
90032;93ce40cc-98cb-4cdc-bd63-5e99c6cc20ad;TRISOFT TEXTIL;TRISOFT TEXTIL;MTR-20260526-154004;154004;CLASSE II — Classe II;340;PRONTO_PARA_FATURAR;;VALOR_ZERO_NO_CONTRATO;CLASSE II;0;;kg;CLASSE II (R$ 0/un) | ENTULHO (R$ 0/un) | SUCATA (R$ 0/un);;"aguardando aprovação do Faturamento, sem valor";Preencher valor (R$/kg ou unidade) no cadastro do cliente e salvar;CLASSE II;;kg;;
90063;93ce40cc-98cb-4cdc-bd63-5e99c6cc20ad;TRISOFT TEXTIL;TRISOFT TEXTIL;MTR-20260528-144806;144806;ENTULHO — Classe II;930;PRONTO_PARA_FATURAR;;VALOR_ZERO_NO_CONTRATO;CLASSE II;0;;kg;CLASSE II (R$ 0/un) | ENTULHO (R$ 0/un) | SUCATA (R$ 0/un);;"aguardando aprovação do Faturamento, sem valor";Preencher valor (R$/kg ou unidade) no cadastro do cliente e salvar;CLASSE II;;kg;;
90075;93ce40cc-98cb-4cdc-bd63-5e99c6cc20ad;TRISOFT TEXTIL;TRISOFT TEXTIL;MTR-20260527-171337;171337;CLASSE II — Classe II;360;PRONTO_PARA_FATURAR;;VALOR_ZERO_NO_CONTRATO;CLASSE II;0;;kg;CLASSE II (R$ 0/un) | ENTULHO (R$ 0/un) | SUCATA (R$ 0/un);;"aguardando aprovação do Faturamento, sem valor";Preencher valor (R$/kg ou unidade) no cadastro do cliente e salvar;CLASSE II;;kg;;
90089;93ce40cc-98cb-4cdc-bd63-5e99c6cc20ad;TRISOFT TEXTIL;TRISOFT TEXTIL;MTR-20260528-182506;182506;CLASSE II — Classe II;360;PRONTO_PARA_FATURAR;;VALOR_ZERO_NO_CONTRATO;CLASSE II;0;;kg;CLASSE II (R$ 0/un) | ENTULHO (R$ 0/un) | SUCATA (R$ 0/un);;"aguardando aprovação do Faturamento, sem valor";Preencher valor (R$/kg ou unidade) no cadastro do cliente e salvar;CLASSE II;;kg;;
90134;93ce40cc-98cb-4cdc-bd63-5e99c6cc20ad;TRISOFT TEXTIL;TRISOFT TEXTIL;MTR-20260529-160934;160934;CLASSE II — Classe II;540;PRONTO_PARA_FATURAR;;VALOR_ZERO_NO_CONTRATO;CLASSE II;0;;kg;CLASSE II (R$ 0/un) | ENTULHO (R$ 0/un) | SUCATA (R$ 0/un);;"aguardando aprovação do Faturamento, sem valor";Preencher valor (R$/kg ou unidade) no cadastro do cliente e salvar;CLASSE II;;kg;;
90155;93ce40cc-98cb-4cdc-bd63-5e99c6cc20ad;TRISOFT TEXTIL;TRISOFT TEXTIL;MTR-20260530-101430;101430;CLASSE II — Classe II;1030;PRONTO_PARA_FATURAR;;VALOR_ZERO_NO_CONTRATO;CLASSE II;0;;kg;CLASSE II (R$ 0/un) | ENTULHO (R$ 0/un) | SUCATA (R$ 0/un);;"aguardando aprovação do Faturamento, sem valor";Preencher valor (R$/kg ou unidade) no cadastro do cliente e salvar;CLASSE II;;kg;;
90201;93ce40cc-98cb-4cdc-bd63-5e99c6cc20ad;TRISOFT TEXTIL;TRISOFT TEXTIL;MTR-20260602-154217;154217;CLASSE II — Classe II;300;PRONTO_PARA_FATURAR;;VALOR_ZERO_NO_CONTRATO;CLASSE II;0;;kg;CLASSE II (R$ 0/un) | ENTULHO (R$ 0/un) | SUCATA (R$ 0/un);;"aguardando aprovação do Faturamento, sem valor";Preencher valor (R$/kg ou unidade) no cadastro do cliente e salvar;CLASSE II;;kg;;
90248;93ce40cc-98cb-4cdc-bd63-5e99c6cc20ad;TRISOFT TEXTIL;TRISOFT TEXTIL;MTR-20260605-095107;095107;CLASSE II — Classe II;320;PRONTO_PARA_FATURAR;;VALOR_ZERO_NO_CONTRATO;CLASSE II;0;;kg;CLASSE II (R$ 0/un) | ENTULHO (R$ 0/un) | SUCATA (R$ 0/un);;"aguardando aprovação do Faturamento, sem valor";Preencher valor (R$/kg ou unidade) no cadastro do cliente e salvar;CLASSE II;;kg;;
90270;93ce40cc-98cb-4cdc-bd63-5e99c6cc20ad;TRISOFT TEXTIL;TRISOFT TEXTIL;MTR-20260608-094511;094511;CLASSE II — Classe II;320;PRONTO_PARA_FATURAR;;VALOR_ZERO_NO_CONTRATO;CLASSE II;0;;kg;CLASSE II (R$ 0/un) | ENTULHO (R$ 0/un) | SUCATA (R$ 0/un);;"aguardando aprovação do Faturamento, sem valor";Preencher valor (R$/kg ou unidade) no cadastro do cliente e salvar;CLASSE II;;kg;;
90305;93ce40cc-98cb-4cdc-bd63-5e99c6cc20ad;TRISOFT TEXTIL;TRISOFT TEXTIL;MTR-20260609-152628;152628;CLASSE II — Classe II;140;PRONTO_PARA_FATURAR;;VALOR_ZERO_NO_CONTRATO;CLASSE II;0;;kg;CLASSE II (R$ 0/un) | ENTULHO (R$ 0/un) | SUCATA (R$ 0/un);;"aguardando aprovação do Faturamento, sem valor";Preencher valor (R$/kg ou unidade) no cadastro do cliente e salvar;CLASSE II;;kg;;
90082;3c1a14f7-ac00-4096-be66-c36fd0380296;TUDO PDV GRAFICA LTDA;TUDO PDV GRAFICA LTDA;MTR-20260527-173547;173547;MIX DE CONTAMINADO — Classe I;1610;PRONTO_PARA_FATURAR;;VALOR_ZERO_NO_CONTRATO;MIX DE CONTAMINADO;0;;kg;MIX DE CONTAMINADO (R$ 0/un);;"aguardando aprovação do Faturamento, sem valor";Preencher valor (R$/kg ou unidade) no cadastro do cliente e salvar;MIX DE CONTAMINADO;;kg;;
90038;ab442b92-6e37-41db-ab29-50da00d36d1a;"UNIMETAL SÃO VICENTE INDÚSTRIA, COMÉRCIO E EMPREENDIMENTOS LTDA";"UNIMETAL SÃO VICENTE INDÚSTRIA, COMÉRCIO E EMPREENDIMENTOS LTDA";MTR-20260527-093212;093212;EFLUENTE — LÍQUIDO;11910;PRONTO_PARA_FATURAR;;SEM_RESIDUOS_CONTRATO_JSONB;;;;;;;"aguardando aprovação do Faturamento, sem valor";Migrar/preencher residuos_contrato no cadastro do cliente;EFLUENTE — LÍQUIDO;;kg;;
90042;ab442b92-6e37-41db-ab29-50da00d36d1a;"UNIMETAL SÃO VICENTE INDÚSTRIA, COMÉRCIO E EMPREENDIMENTOS LTDA";"UNIMETAL SÃO VICENTE INDÚSTRIA, COMÉRCIO E EMPREENDIMENTOS LTDA";MTR-20260527-093736;093736;EFLUENTE — LÍQUIDO;40320;PRONTO_PARA_FATURAR;;SEM_RESIDUOS_CONTRATO_JSONB;;;;;;;"aguardando aprovação do Faturamento, sem valor";Migrar/preencher residuos_contrato no cadastro do cliente;EFLUENTE — LÍQUIDO;;kg;;
90099;ab442b92-6e37-41db-ab29-50da00d36d1a;"UNIMETAL SÃO VICENTE INDÚSTRIA, COMÉRCIO E EMPREENDIMENTOS LTDA";"UNIMETAL SÃO VICENTE INDÚSTRIA, COMÉRCIO E EMPREENDIMENTOS LTDA";MTR-20260529-090119;090119;EFLUENTE — LÍQUIDO;11660;PRONTO_PARA_FATURAR;;SEM_RESIDUOS_CONTRATO_JSONB;;;;;;;"aguardando aprovação do Faturamento, sem valor";Migrar/preencher residuos_contrato no cadastro do cliente;EFLUENTE — LÍQUIDO;;kg;;
90101;ab442b92-6e37-41db-ab29-50da00d36d1a;"UNIMETAL SÃO VICENTE INDÚSTRIA, COMÉRCIO E EMPREENDIMENTOS LTDA";"UNIMETAL SÃO VICENTE INDÚSTRIA, COMÉRCIO E EMPREENDIMENTOS LTDA";MTR-20260529-085955;085955;EFLUENTE — LÍQUIDO;34000;PRONTO_PARA_FATURAR;;SEM_RESIDUOS_CONTRATO_JSONB;;;;;;;"aguardando aprovação do Faturamento, sem valor";Migrar/preencher residuos_contrato no cadastro do cliente;EFLUENTE — LÍQUIDO;;kg;;
90010;9c7297ae-8cab-41db-a2d8-79b7c766d737;USINA FORTALEZA INDUSTRIA E COMERCIO DE MASSA FINA LTDA;USINA FORTALEZA INDUSTRIA E COMERCIO DE MASSA FINA LTDA;MTR-20260526-085219;085219;RECICLADO — Classe II;1970;PRONTO_PARA_FATURAR;;VALOR_ZERO_NO_CONTRATO;RECICLADO;0;0;kg;RECICLADO (R$ 0/un) | EFLUENTE (R$ 0.3/un) | Fossa Septica (R$ 0/un);VACUO;"aguardando aprovação do Faturamento, sem valor";Preencher valor (R$/kg ou unidade) no cadastro do cliente e salvar;RECICLADO;;kg;0;
90069;9c7297ae-8cab-41db-a2d8-79b7c766d737;USINA FORTALEZA INDUSTRIA E COMERCIO DE MASSA FINA LTDA;USINA FORTALEZA INDUSTRIA E COMERCIO DE MASSA FINA LTDA;MTR-20260529-104546;104546;RECICLADO — Classe II;2440;PRONTO_PARA_FATURAR;;VALOR_ZERO_NO_CONTRATO;RECICLADO;0;0;kg;RECICLADO (R$ 0/un) | EFLUENTE (R$ 0.3/un) | Fossa Septica (R$ 0/un);VACUO;"aguardando aprovação do Faturamento, sem valor";Preencher valor (R$/kg ou unidade) no cadastro do cliente e salvar;RECICLADO;;kg;0;
90074;9c7297ae-8cab-41db-a2d8-79b7c766d737;USINA FORTALEZA INDUSTRIA E COMERCIO DE MASSA FINA LTDA;USINA FORTALEZA INDUSTRIA E COMERCIO DE MASSA FINA LTDA;MTR-20260527-173808;173808;RECICLADO — Classe II;22390;PRONTO_PARA_FATURAR;;VALOR_ZERO_NO_CONTRATO;RECICLADO;0;0;kg;RECICLADO (R$ 0/un) | EFLUENTE (R$ 0.3/un) | Fossa Septica (R$ 0/un);VACUO;"aguardando aprovação do Faturamento, sem valor";Preencher valor (R$/kg ou unidade) no cadastro do cliente e salvar;RECICLADO;;kg;0;
90092;9c7297ae-8cab-41db-a2d8-79b7c766d737;USINA FORTALEZA INDUSTRIA E COMERCIO DE MASSA FINA LTDA;USINA FORTALEZA INDUSTRIA E COMERCIO DE MASSA FINA LTDA;MTR-20260527-174237;174237;RESÍDUO CLASSE II — Classe II;20530;PRONTO_PARA_FATURAR;;SEM_MATCH_RESIDUO;;;;;RECICLADO (R$ 0/un) | EFLUENTE (R$ 0.3/un) | Fossa Septica (R$ 0/un);VACUO;"aguardando aprovação do Faturamento, sem valor";Conferir nome do resíduo na coleta vs cadastro do cliente;RESÍDUO CLASSE II — Classe II;;kg;;
90093;9c7297ae-8cab-41db-a2d8-79b7c766d737;USINA FORTALEZA INDUSTRIA E COMERCIO DE MASSA FINA LTDA;USINA FORTALEZA INDUSTRIA E COMERCIO DE MASSA FINA LTDA;MTR-20260527-174105;174105;RESÍDUO CLASSE II — Classe II;22770;PRONTO_PARA_FATURAR;;SEM_MATCH_RESIDUO;;;;;RECICLADO (R$ 0/un) | EFLUENTE (R$ 0.3/un) | Fossa Septica (R$ 0/un);VACUO;"aguardando aprovação do Faturamento, sem valor";Conferir nome do resíduo na coleta vs cadastro do cliente;RESÍDUO CLASSE II — Classe II;;kg;;
90100;9c7297ae-8cab-41db-a2d8-79b7c766d737;USINA FORTALEZA INDUSTRIA E COMERCIO DE MASSA FINA LTDA;USINA FORTALEZA INDUSTRIA E COMERCIO DE MASSA FINA LTDA;MTR-20260527-173913;173913;RESÍDUO CLASSE II — Classe II;20370;PRONTO_PARA_FATURAR;;SEM_MATCH_RESIDUO;;;;;RECICLADO (R$ 0/un) | EFLUENTE (R$ 0.3/un) | Fossa Septica (R$ 0/un);VACUO;"aguardando aprovação do Faturamento, sem valor";Conferir nome do resíduo na coleta vs cadastro do cliente;RESÍDUO CLASSE II — Classe II;;kg;;
90138;9c7297ae-8cab-41db-a2d8-79b7c766d737;USINA FORTALEZA INDUSTRIA E COMERCIO DE MASSA FINA LTDA;USINA FORTALEZA INDUSTRIA E COMERCIO DE MASSA FINA LTDA;MTR-20260529-162710;162710;RECICLADO — Classe II;3780;PRONTO_PARA_FATURAR;;VALOR_ZERO_NO_CONTRATO;RECICLADO;0;0;kg;RECICLADO (R$ 0/un) | EFLUENTE (R$ 0.3/un) | Fossa Septica (R$ 0/un);VACUO;"aguardando aprovação do Faturamento, sem valor";Preencher valor (R$/kg ou unidade) no cadastro do cliente e salvar;RECICLADO;;kg;0;
90140;9c7297ae-8cab-41db-a2d8-79b7c766d737;USINA FORTALEZA INDUSTRIA E COMERCIO DE MASSA FINA LTDA;USINA FORTALEZA INDUSTRIA E COMERCIO DE MASSA FINA LTDA;MTR-20260601-131951;131951;RESÍDUO CLASSE II — Classe II;20370;PRONTO_PARA_FATURAR;;SEM_MATCH_RESIDUO;;;;;RECICLADO (R$ 0/un) | EFLUENTE (R$ 0.3/un) | Fossa Septica (R$ 0/un);VACUO;"aguardando aprovação do Faturamento, sem valor";Conferir nome do resíduo na coleta vs cadastro do cliente;RESÍDUO CLASSE II — Classe II;;kg;;
90154;9c7297ae-8cab-41db-a2d8-79b7c766d737;USINA FORTALEZA INDUSTRIA E COMERCIO DE MASSA FINA LTDA;USINA FORTALEZA INDUSTRIA E COMERCIO DE MASSA FINA LTDA;MTR-20260602-150429;150429;RESÍDUO CLASSE II — Classe II;3090;PRONTO_PARA_FATURAR;;SEM_MATCH_RESIDUO;;;;;RECICLADO (R$ 0/un) | EFLUENTE (R$ 0.3/un) | Fossa Septica (R$ 0/un);VACUO;"aguardando aprovação do Faturamento, sem valor";Conferir nome do resíduo na coleta vs cadastro do cliente;RESÍDUO CLASSE II — Classe II;;kg;;
90246;9c7297ae-8cab-41db-a2d8-79b7c766d737;USINA FORTALEZA INDUSTRIA E COMERCIO DE MASSA FINA LTDA;USINA FORTALEZA INDUSTRIA E COMERCIO DE MASSA FINA LTDA;MTR-20260605-143519;143519;RECICLADO — Classe II;4300;PRONTO_PARA_FATURAR;;VALOR_ZERO_NO_CONTRATO;RECICLADO;0;0;kg;RECICLADO (R$ 0/un) | EFLUENTE (R$ 0.3/un) | Fossa Septica (R$ 0/un);VACUO;"aguardando aprovação do Faturamento, sem valor";Preencher valor (R$/kg ou unidade) no cadastro do cliente e salvar;RECICLADO;;kg;0;
90022;f28d76bf-b4d2-4942-9d6e-e1ea3ac6a143;"VALMET CELULOSE, PAPEL E ENERGIA LTDA.";"VALMET CELULOSE, PAPEL E ENERGIA LTDA.";MTR-20260526-114007;114007;RECICLADO;430;PRONTO_PARA_FATURAR;;VALOR_ZERO_NO_CONTRATO;RECICLADO;0;;kg;AGUA CONTAMINADA (R$ 0/un) | BORRA OLEOSA (R$ 0/un) | MIX (R$ 0/un) | RECICLADO (R$ 0/un) | LIXO COMUM (R$ 0/un);;"aguardando aprovação do Faturamento, sem valor";Preencher valor (R$/kg ou unidade) no cadastro do cliente e salvar;RECICLADO;;kg;;
90067;f28d76bf-b4d2-4942-9d6e-e1ea3ac6a143;"VALMET CELULOSE, PAPEL E ENERGIA LTDA.";"VALMET CELULOSE, PAPEL E ENERGIA LTDA.";MTR-20260526-114007;114007-1;PLÁSTICO;220;PRONTO_PARA_FATURAR;;SEM_MATCH_RESIDUO;;;;;AGUA CONTAMINADA (R$ 0/un) | BORRA OLEOSA (R$ 0/un) | MIX (R$ 0/un) | RECICLADO (R$ 0/un) | LIXO COMUM (R$ 0/un);;"aguardando aprovação do Faturamento, sem valor";Conferir nome do resíduo na coleta vs cadastro do cliente;PLÁSTICO;;kg;;
90068;f28d76bf-b4d2-4942-9d6e-e1ea3ac6a143;"VALMET CELULOSE, PAPEL E ENERGIA LTDA.";"VALMET CELULOSE, PAPEL E ENERGIA LTDA.";MTR-20260526-114007;114007-2;PAPEL;210;PRONTO_PARA_FATURAR;;SEM_MATCH_RESIDUO;;;;;AGUA CONTAMINADA (R$ 0/un) | BORRA OLEOSA (R$ 0/un) | MIX (R$ 0/un) | RECICLADO (R$ 0/un) | LIXO COMUM (R$ 0/un);;"aguardando aprovação do Faturamento, sem valor";Conferir nome do resíduo na coleta vs cadastro do cliente;PAPEL;;kg;;
90125;f28d76bf-b4d2-4942-9d6e-e1ea3ac6a143;"VALMET CELULOSE, PAPEL E ENERGIA LTDA.";"VALMET CELULOSE, PAPEL E ENERGIA LTDA.";MTR-20260601-131517;131517;AGUA CONTAMINADA;11900;PRONTO_PARA_FATURAR;;VALOR_ZERO_NO_CONTRATO;AGUA CONTAMINADA;0;;kg;AGUA CONTAMINADA (R$ 0/un) | BORRA OLEOSA (R$ 0/un) | MIX (R$ 0/un) | RECICLADO (R$ 0/un) | LIXO COMUM (R$ 0/un);;"aguardando aprovação do Faturamento, sem valor";Preencher valor (R$/kg ou unidade) no cadastro do cliente e salvar;AGUA CONTAMINADA;;kg;;
90136;f28d76bf-b4d2-4942-9d6e-e1ea3ac6a143;"VALMET CELULOSE, PAPEL E ENERGIA LTDA.";"VALMET CELULOSE, PAPEL E ENERGIA LTDA.";MTR-20260529-161341;161341;CLASSE II;960;PRONTO_PARA_FATURAR;;SEM_MATCH_RESIDUO;;;;;AGUA CONTAMINADA (R$ 0/un) | BORRA OLEOSA (R$ 0/un) | MIX (R$ 0/un) | RECICLADO (R$ 0/un) | LIXO COMUM (R$ 0/un);;"aguardando aprovação do Faturamento, sem valor";Conferir nome do resíduo na coleta vs cadastro do cliente;CLASSE II;;kg;;
90156;f28d76bf-b4d2-4942-9d6e-e1ea3ac6a143;"VALMET CELULOSE, PAPEL E ENERGIA LTDA.";"VALMET CELULOSE, PAPEL E ENERGIA LTDA.";MTR-20260601-162634;162634;MIX — Classe I;430;PRONTO_PARA_FATURAR;;VALOR_ZERO_NO_CONTRATO;MIX;0;;kg;AGUA CONTAMINADA (R$ 0/un) | BORRA OLEOSA (R$ 0/un) | MIX (R$ 0/un) | RECICLADO (R$ 0/un) | LIXO COMUM (R$ 0/un);;"aguardando aprovação do Faturamento, sem valor";Preencher valor (R$/kg ou unidade) no cadastro do cliente e salvar;MIX;;kg;;
90295;f28d76bf-b4d2-4942-9d6e-e1ea3ac6a143;"VALMET CELULOSE, PAPEL E ENERGIA LTDA.";"VALMET CELULOSE, PAPEL E ENERGIA LTDA.";MTR-20260609-154249;154249;AGUA CONTAMINADA — Classe I;13400;PRONTO_PARA_FATURAR;;VALOR_ZERO_NO_CONTRATO;AGUA CONTAMINADA;0;;kg;AGUA CONTAMINADA (R$ 0/un) | BORRA OLEOSA (R$ 0/un) | MIX (R$ 0/un) | RECICLADO (R$ 0/un) | LIXO COMUM (R$ 0/un);;"aguardando aprovação do Faturamento, sem valor";Preencher valor (R$/kg ou unidade) no cadastro do cliente e salvar;AGUA CONTAMINADA;;kg;;
90118;b6c78e89-c88c-44e6-880e-e26cdc709ea0;VIAÇÃO METRÓPOLE PAULISTA S/A;VIAÇÃO METRÓPOLE PAULISTA S/A;MTR-20260528-182647;182647;MIX CONTAMINADO;2850;PRONTO_PARA_FATURAR;;VALOR_ZERO_NO_CONTRATO;MIX CONTAMINADO;0;;kg;MIX CONTAMINADO (R$ 0/un);;"aguardando aprovação do Faturamento, sem valor";Preencher valor (R$/kg ou unidade) no cadastro do cliente e salvar;MIX CONTAMINADO;;kg;;